Resolving dependencies
Building Challenge
⚠ [3207/3207] Replayed Challenge
warning: Challenge.lean:19:8: declaration uses `sorry`
warning: Challenge.lean:23:8: declaration uses `sorry`
Build completed successfully (3207 jobs).
Exporting #[Quot, Quot.mk, Quot.lift, Quot.ind, Zeta5Palomar.irrational_zeta_five, Zeta5Palomar.irrational_reciprocal_fifth_power_sum, propext, Quot.sound, Classical.choice, Nat.add, Nat.sub, Nat.mul, Nat.pow, Nat.gcd, Nat.div, Nat.mod, Nat.beq, Nat.ble, Nat.land, Nat.lor, Nat.xor, Nat.shiftLeft, Nat.shiftRight, String.ofList, Char.ofNat, List, eagerReduce, Nat, String, String.mk, Char, optParam, autoParam, semiOutParam, outParam] from Challenge
Building Solution
⚠ [3093/3099] Replayed ClassBasis
warning: ClassBasis.lean:105:16: `Polynomial.finset_sum_coeff` has been deprecated: Use `Polynomial.finsetSum_coeff` instead

Hint: Replace the deprecated name:
  P̵o̵l̵y̵n̵o̵m̵i̵a̵l̵.̵f̵i̵n̵s̵e̵t̵_̵s̵u̵m̵_̵c̵o̵e̵f̵f̵f̲i̲n̲s̲e̲t̲S̲u̲m̲_̲c̲o̲e̲f̲f̲
info: ClassBasis.lean:159:0: 'Zeta5ClassBasis.class_coefficient_det_ne_zero' depends on axioms: [propext, Classical.choice, Quot.sound]
info: ClassBasis.lean:235:0: 'Zeta5ClassBasis.integer_class_det_valuation' depends on axioms: [propext, Classical.choice, Quot.sound]
info: ClassBasis.lean:260:0: 'Zeta5ClassBasis.inner_basis_unimodular' depends on axioms: [propext, Classical.choice, Quot.sound]
⚠ [3131/3159] Replayed Normalization
warning: Normalization.lean:20:2: Try this: 
  letI̵

The goal is a proposition, so `let` is preferred over `letI`.
The difference between `let` and `letI` is that `letI` inlines the value.
But this is not relevant for proofs because of proof irrelevance.

Note: This linter can be disabled with `set_option linter.style.haveILetI false`
warning: Normalization.lean:63:5: Variable name `hq` is not explicitly referenced.

Hint: The binding can be removed (if unused) or named `_` (if used implicitly). Alternatively, prefix the name with `_` to silence this warning:
  [apply] _hq

Note: This linter can be disabled with `set_option linter.unusedVariables false`
warning: Normalization.lean:98:2: Try this: 
  letI̵

The goal is a proposition, so `let` is preferred over `letI`.
The difference between `let` and `letI` is that `letI` inlines the value.
But this is not relevant for proofs because of proof irrelevance.

Note: This linter can be disabled with `set_option linter.style.haveILetI false`
warning: Normalization.lean:111:6: Try this: 
  letI̵

The goal is a proposition, so `let` is preferred over `letI`.
The difference between `let` and `letI` is that `letI` inlines the value.
But this is not relevant for proofs because of proof irrelevance.

Note: This linter can be disabled with `set_option linter.style.haveILetI false`
warning: Normalization.lean:128:2: Try this: 
  letI̵

The goal is a proposition, so `let` is preferred over `letI`.
The difference between `let` and `letI` is that `letI` inlines the value.
But this is not relevant for proofs because of proof irrelevance.

Note: This linter can be disabled with `set_option linter.style.haveILetI false`
warning: Normalization.lean:135:17: `if_pos` has been deprecated: Use `ite_eq_left` instead

Hint: Replace the deprecated name:
  i̵f̵_̵p̵o̵s̵i̲t̲e̲_̲e̲q̲_̲l̲e̲f̲t̲
warning: Normalization.lean:137:17: `if_neg` has been deprecated: Use `ite_eq_right` instead

Hint: Replace the deprecated name:
  i̵f̵_̵n̵e̵g̵i̲t̲e̲_̲e̲q̲_̲r̲i̲g̲h̲t̲
info: Normalization.lean:140:0: 'Zeta5Normalization.denominator_eq_one_of_nonnegative_valuations' depends on axioms: [propext,
 Classical.choice,
 Quot.sound]
info: Normalization.lean:141:0: 'Zeta5Normalization.polynomial_integer_of_nonnegative_valuations' depends on axioms: [propext,
 Classical.choice,
 Quot.sound]
info: Normalization.lean:142:0: 'Zeta5Normalization.normalized_polynomial_is_integer' depends on axioms: [propext, Classical.choice, Quot.sound]
ℹ [3132/3159] Replayed InnerValuation
info: InnerValuation.lean:248:0: 'Zeta5Inner.ordinary_row_le_other_source' depends on axioms: [propext, Classical.choice, Quot.sound]
info: InnerValuation.lean:249:0: 'Zeta5Inner.poleCount_two_values' depends on axioms: [propext, Classical.choice, Quot.sound]
info: InnerValuation.lean:250:0: 'Zeta5Inner.ordinary_row_le_zero_source' depends on axioms: [propext, Classical.choice, Quot.sound]
info: InnerValuation.lean:251:0: 'Zeta5Inner.block_weight_sum' depends on axioms: [propext, Classical.choice, Quot.sound]
info: InnerValuation.lean:252:0: 'Zeta5Inner.greedy_extra_cost' depends on axioms: [propext, Classical.choice, Quot.sound]
info: InnerValuation.lean:253:0: 'Zeta5Inner.base_allocation_transition' depends on axioms: [propext, Classical.choice, Quot.sound]
info: InnerValuation.lean:254:0: 'Zeta5Inner.remainder_bounds' depends on axioms: [propext, Classical.choice, Quot.sound]
info: InnerValuation.lean:255:0: 'Zeta5Inner.remainder_decomposition' depends on axioms: [propext, Classical.choice, Quot.sound]
⚠ [3134/3159] Replayed ResidueFactorization
warning: ResidueFactorization.lean:32:0: automatically included section variable(s) unused in theorem `Zeta5ResidueFactorization.translated_product_factorization`:
  [DecidableEq ι]
consider restructuring your `variable` declarations so that the variables are not in scope or explicitly omit them:
  omit [DecidableEq ι] in theorem ...

Note: This linter can be disabled with `set_option linter.unusedSectionVars false`
warning: ResidueFactorization.lean:50:0: automatically included section variable(s) unused in theorem `Zeta5ResidueFactorization.nearPolynomial_monic`:
  [DecidableEq ι]
consider restructuring your `variable` declarations so that the variables are not in scope or explicitly omit them:
  omit [DecidableEq ι] in theorem ...

Note: This linter can be disabled with `set_option linter.unusedSectionVars false`
warning: ResidueFactorization.lean:54:0: automatically included section variable(s) unused in theorem `Zeta5ResidueFactorization.nearPolynomial_degree`:
  [DecidableEq ι]
consider restructuring your `variable` declarations so that the variables are not in scope or explicitly omit them:
  omit [DecidableEq ι] in theorem ...

Note: This linter can be disabled with `set_option linter.unusedSectionVars false`
warning: ResidueFactorization.lean:59:0: automatically included section variable(s) unused in theorem `Zeta5ResidueFactorization.farPolynomial_constant_unit`:
  [DecidableEq ι]
consider restructuring your `variable` declarations so that the variables are not in scope or explicitly omit them:
  omit [DecidableEq ι] in theorem ...

Note: This linter can be disabled with `set_option linter.unusedSectionVars false`
warning: ResidueFactorization.lean:77:0: automatically included section variable(s) unused in theorem `Zeta5ResidueFactorization.translated_weighted_product_factorization`:
  [DecidableEq ι]
consider restructuring your `variable` declarations so that the variables are not in scope or explicitly omit them:
  omit [DecidableEq ι] in theorem ...

Note: This linter can be disabled with `set_option linter.unusedSectionVars false`
warning: ResidueFactorization.lean:100:0: automatically included section variable(s) unused in theorem `Zeta5ResidueFactorization.nearWeightedPolynomial_monic`:
  [DecidableEq ι]
consider restructuring your `variable` declarations so that the variables are not in scope or explicitly omit them:
  omit [DecidableEq ι] in theorem ...

Note: This linter can be disabled with `set_option linter.unusedSectionVars false`
warning: ResidueFactorization.lean:104:0: automatically included section variable(s) unused in theorem `Zeta5ResidueFactorization.nearWeightedPolynomial_degree`:
  [DecidableEq ι]
consider restructuring your `variable` declarations so that the variables are not in scope or explicitly omit them:
  omit [DecidableEq ι] in theorem ...

Note: This linter can be disabled with `set_option linter.unusedSectionVars false`
info: ResidueFactorization.lean:110:0: 'Zeta5ResidueFactorization.translated_weighted_product_factorization' depends on axioms: [propext,
 Classical.choice,
 Quot.sound]
info: ResidueFactorization.lean:112:0: 'Zeta5ResidueFactorization.translated_product_factorization' depends on axioms: [propext, Classical.choice, Quot.sound]
ℹ [3135/3159] Replayed LocalFunctional
info: LocalFunctional.lean:129:0: 'Zeta5Local.poleValue_unique' depends on axioms: [propext, Classical.choice, Quot.sound]
info: LocalFunctional.lean:130:0: 'Zeta5Local.pole_pullback_value' depends on axioms: [propext, Classical.choice, Quot.sound]
ℹ [3136/3159] Replayed InnerRoots
info: InnerRoots.lean:67:0: 'Zeta5InnerRoots.nearRoot_unit_separated' depends on axioms: [propext, Classical.choice, Quot.sound]
⚠ [3142/3255] Replayed Construction
warning: Construction.lean:212:4: This simp argument is unused:
  Polynomial.eval_one

Hint: Omit it from the simp argument list.
  [apply] simp only [Polynomial.derivative_mul, Polynomial.derivative_sub, Polynomial.derivative_X,
    Polynomial.derivative_C, sub_zero, Polynomial.eval_add, Polynomial.eval_mul, Polynomial.eval_sub, Polynomial.eval_X,
    Polynomial.eval_C, sub_self, zero_mul, one_mul, add_zero, eval_prod, poleDenominator]

Note: This linter can be disabled with `set_option linter.unusedSimpArgs false`
ℹ [3143/3255] Replayed PaperParameters
info: PaperParameters.lean:153:0: 'Zeta5Parameters.paperPolynomial_degree' depends on axioms: [propext, Classical.choice, Quot.sound]
info: PaperParameters.lean:154:0: 'Zeta5Parameters.paperPolynomial_integer_of_local_bounds' depends on axioms: [propext, Classical.choice, Quot.sound]
ℹ [3144/3255] Replayed Allocation
info: Allocation.lean:106:0: 'Zeta5Parameters.extra_sum' depends on axioms: [propext, Classical.choice, Quot.sound]
info: Allocation.lean:107:0: 'Zeta5Parameters.baseAllocation_ge_three_poleCount' depends on axioms: [propext, Classical.choice, Quot.sound]
info: Allocation.lean:108:0: 'Zeta5Parameters.classDimension_sum' depends on axioms: [propext, Classical.choice, Quot.sound]
⚠ [3145/3255] Replayed InnerAsymptotics
info: InnerAsymptotics.lean:518:39: Try this:
  [apply] ring_nf
  
  The `ring` tactic failed to close the goal. Use `ring_nf` to obtain a normal form.
    
  Note that `ring` works primarily in *commutative* rings. If you have a noncommutative ring, abelian group or module, consider using `noncomm_ring`, `abel` or `module` instead.
info: InnerAsymptotics.lean:521:39: Try this:
  [apply] ring_nf
  
  The `ring` tactic failed to close the goal. Use `ring_nf` to obtain a normal form.
    
  Note that `ring` works primarily in *commutative* rings. If you have a noncommutative ring, abelian group or module, consider using `noncomm_ring`, `abel` or `module` instead.
warning: InnerAsymptotics.lean:518:23: Used `tac1 <;> tac2` where `(tac1; tac2)` would suffice

Note: This linter can be disabled with `set_option linter.unnecessarySeqFocus false`
warning: InnerAsymptotics.lean:518:35: Used `tac1 <;> tac2` where `(tac1; tac2)` would suffice

Note: This linter can be disabled with `set_option linter.unnecessarySeqFocus false`
warning: InnerAsymptotics.lean:521:23: Used `tac1 <;> tac2` where `(tac1; tac2)` would suffice

Note: This linter can be disabled with `set_option linter.unnecessarySeqFocus false`
warning: InnerAsymptotics.lean:521:35: Used `tac1 <;> tac2` where `(tac1; tac2)` would suffice

Note: This linter can be disabled with `set_option linter.unnecessarySeqFocus false`
info: InnerAsymptotics.lean:528:0: 'Zeta5InnerAsymptotics.poleCount_eq_floor' depends on axioms: [propext, Classical.choice, Quot.sound]
info: InnerAsymptotics.lean:529:0: 'Zeta5InnerAsymptotics.actual_poleCount_two_values' depends on axioms: [propext, Classical.choice, Quot.sound]
info: InnerAsymptotics.lean:530:0: 'Zeta5InnerAsymptotics.weighted_grid_error' depends on axioms: [propext, Classical.choice, Quot.sound]
info: InnerAsymptotics.lean:531:0: 'Zeta5InnerAsymptotics.base_cost_grid_error' depends on axioms: [propext, Classical.choice, Quot.sound]
⚠ [3146/3255] Replayed InnerBaseKernel
warning: InnerBaseKernel.lean:18:18: Variable name `hJ` is not explicitly referenced.

Hint: The binding can be removed (if unused) or named `_` (if used implicitly). Alternatively, prefix the name with `_` to silence this warning:
  [apply] _hJ

Note: This linter can be disabled with `set_option linter.unusedVariables false`
info: InnerBaseKernel.lean:112:0: 'Zeta5InnerAsymptotics.actual_base_cost_error' depends on axioms: [propext, Classical.choice, Quot.sound]
⚠ [3147/3255] Replayed InnerWeights
warning: InnerWeights.lean:36:37: Used `tac1 <;> tac2` where `(tac1; tac2)` would suffice

Note: This linter can be disabled with `set_option linter.unnecessarySeqFocus false`
info: InnerWeights.lean:133:0: 'Zeta5InnerAsymptotics.actual_innerExponent_lower' depends on axioms: [propext, Classical.choice, Quot.sound]
⚠ [3148/3255] Replayed InnerAllocationLimit
warning: InnerAllocationLimit.lean:73:59: This simp argument is unused:
  Nat.cast_zero

Hint: Omit it from the simp argument list.
  [apply] simp only [Nat.cast_add, Nat.cast_mul, Nat.cast_ofNat, Int.cast_add, Int.cast_mul, Int.cast_ofNat,
    Int.cast_zero, Int.cast_natCast]

Note: This linter can be disabled with `set_option linter.unusedSimpArgs false`
warning: InnerAllocationLimit.lean:74:50: This simp argument is unused:
  Int.cast_zero

Hint: Omit it from the simp argument list.
  [apply] simp only [Nat.cast_add, Nat.cast_mul, Nat.cast_ofNat, Nat.cast_zero, Int.cast_add, Int.cast_mul,
    Int.cast_ofNat, Int.cast_natCast]

Note: This linter can be disabled with `set_option linter.unusedSimpArgs false`
info: InnerAllocationLimit.lean:111:0: 'Zeta5InnerAsymptotics.actual_allocation_error' depends on axioms: [propext, Classical.choice, Quot.sound]
info: InnerAllocationLimit.lean:112:0: 'Zeta5InnerAsymptotics.lowLevel_eq_floor' depends on axioms: [propext, Classical.choice, Quot.sound]
⚠ [3149/3255] Replayed BernoulliKernel
warning: BernoulliKernel.lean:101:24: Variable name `hp7` is not explicitly referenced.

Hint: The binding can be removed (if unused) or named `_` (if used implicitly). Alternatively, prefix the name with `_` to silence this warning:
  [apply] _hp7

Note: This linter can be disabled with `set_option linter.unusedVariables false`
info: BernoulliKernel.lean:211:0: 'Zeta5Local.rationalTauMoment_norm' depends on axioms: [propext, Classical.choice, Quot.sound]
info: BernoulliKernel.lean:212:0: 'Zeta5Local.rationalTauMoment_integral' depends on axioms: [propext, Classical.choice, Quot.sound]
⚠ [3150/3255] Replayed OuterValuation
warning: OuterValuation.lean:433:15: `if_neg` has been deprecated: Use `ite_eq_right` instead

Hint: Replace the deprecated name:
  i̵f̵_̵n̵e̵g̵i̲t̲e̲_̲e̲q̲_̲r̲i̲g̲h̲t̲
warning: OuterValuation.lean:433:26: `if_neg` has been deprecated: Use `ite_eq_right` instead

Hint: Replace the deprecated name:
  i̵f̵_̵n̵e̵g̵i̲t̲e̲_̲e̲q̲_̲r̲i̲g̲h̲t̲
warning: OuterValuation.lean:433:37: `if_neg` has been deprecated: Use `ite_eq_right` instead

Hint: Replace the deprecated name:
  i̵f̵_̵n̵e̵g̵i̲t̲e̲_̲e̲q̲_̲r̲i̲g̲h̲t̲
warning: OuterValuation.lean:495:36: `if_neg` has been deprecated: Use `ite_eq_right` instead

Hint: Replace the deprecated name:
  i̵f̵_̵n̵e̵g̵i̲t̲e̲_̲e̲q̲_̲r̲i̲g̲h̲t̲
warning: OuterValuation.lean:520:38: `if_neg` has been deprecated: Use `ite_eq_right` instead

Hint: Replace the deprecated name:
  i̵f̵_̵n̵e̵g̵i̲t̲e̲_̲e̲q̲_̲r̲i̲g̲h̲t̲
warning: OuterValuation.lean:530:38: `if_neg` has been deprecated: Use `ite_eq_right` instead

Hint: Replace the deprecated name:
  i̵f̵_̵n̵e̵g̵i̲t̲e̲_̲e̲q̲_̲r̲i̲g̲h̲t̲
warning: OuterValuation.lean:585:38: `if_neg` has been deprecated: Use `ite_eq_right` instead

Hint: Replace the deprecated name:
  i̵f̵_̵n̵e̵g̵i̲t̲e̲_̲e̲q̲_̲r̲i̲g̲h̲t̲
warning: OuterValuation.lean:597:38: `if_neg` has been deprecated: Use `ite_eq_right` instead

Hint: Replace the deprecated name:
  i̵f̵_̵n̵e̵g̵i̲t̲e̲_̲e̲q̲_̲r̲i̲g̲h̲t̲
warning: OuterValuation.lean:599:36: `if_neg` has been deprecated: Use `ite_eq_right` instead

Hint: Replace the deprecated name:
  i̵f̵_̵n̵e̵g̵i̲t̲e̲_̲e̲q̲_̲r̲i̲g̲h̲t̲
warning: OuterValuation.lean:689:38: `if_neg` has been deprecated: Use `ite_eq_right` instead

Hint: Replace the deprecated name:
  i̵f̵_̵n̵e̵g̵i̲t̲e̲_̲e̲q̲_̲r̲i̲g̲h̲t̲
warning: OuterValuation.lean:691:36: `if_neg` has been deprecated: Use `ite_eq_right` instead

Hint: Replace the deprecated name:
  i̵f̵_̵n̵e̵g̵i̲t̲e̲_̲e̲q̲_̲r̲i̲g̲h̲t̲
warning: OuterValuation.lean:703:38: `if_neg` has been deprecated: Use `ite_eq_right` instead

Hint: Replace the deprecated name:
  i̵f̵_̵n̵e̵g̵i̲t̲e̲_̲e̲q̲_̲r̲i̲g̲h̲t̲
info: OuterValuation.lean:925:0: 'Zeta5Outer.det_integral_rank_correction' depends on axioms: [propext, Classical.choice, Quot.sound]
info: OuterValuation.lean:926:0: 'Zeta5Outer.polynomial_det_integral_rank_correction' depends on axioms: [propext, Classical.choice, Quot.sound]
info: OuterValuation.lean:927:0: 'Zeta5Outer.rational_polynomial_det_padic_correction' depends on axioms: [propext, Classical.choice, Quot.sound]
info: OuterValuation.lean:928:0: 'Zeta5Outer.correction_rank_bound' depends on axioms: [propext, Classical.choice, Quot.sound]
info: OuterValuation.lean:929:0: 'Zeta5Outer.ordinary_pair_numerator_constant_integral' depends on axioms: [propext, Classical.choice, Quot.sound]
info: OuterValuation.lean:930:0: 'Zeta5Outer.ordinary_pair_numerator_linear_integral' depends on axioms: [propext, Classical.choice, Quot.sound]
⚠ [3151/3255] Replayed OuterMoments
warning: OuterMoments.lean:198:0: automatically included section variable(s) unused in theorem `Zeta5OuterMoments.correctionPolynomialMoment_eq_zero`:
  [Fact (Nat.Prime p)]
consider restructuring your `variable` declarations so that the variables are not in scope or explicitly omit them:
  omit [Fact (Nat.Prime p)] in theorem ...

Note: This linter can be disabled with `set_option linter.unusedSectionVars false`
info: OuterMoments.lean:345:2: Try this:
  [apply] ring_nf
  
  The `ring` tactic failed to close the goal. Use `ring_nf` to obtain a normal form.
    
  Note that `ring` works primarily in *commutative* rings. If you have a noncommutative ring, abelian group or module, consider using `noncomm_ring`, `abel` or `module` instead.
info: OuterMoments.lean:349:0: 'Zeta5OuterMoments.outerMoment_integral_below' depends on axioms: [propext, Classical.choice, Quot.sound]
info: OuterMoments.lean:350:0: 'Zeta5OuterMoments.outerMoment_padicVal_nonneg' depends on axioms: [propext, Classical.choice, Quot.sound]
info: OuterMoments.lean:351:0: 'Zeta5OuterMoments.outerMoment_padicVal_lower' depends on axioms: [propext, Classical.choice, Quot.sound]
info: OuterMoments.lean:353:0: 'Zeta5OuterMoments.polynomial_correction_matrix_rank' depends on axioms: [propext, Classical.choice, Quot.sound]
info: OuterMoments.lean:354:0: 'Zeta5OuterMoments.actualCorrectionMatrix_rank' depends on axioms: [propext, Classical.choice, Quot.sound]
info: OuterMoments.lean:355:0: 'Zeta5OuterMoments.actualCorrectionMatrix_integral' depends on axioms: [propext, Classical.choice, Quot.sound]
info: OuterMoments.lean:356:0: 'Zeta5OuterMoments.actual_hankel_correction_decomposition' depends on axioms: [propext, Classical.choice, Quot.sound]
ℹ [3152/3255] Replayed NumeratorFunctional
info: NumeratorFunctional.lean:59:4: Try this:
  [apply] ring_nf
  
  The `ring` tactic failed to close the goal. Use `ring_nf` to obtain a normal form.
    
  Note that `ring` works primarily in *commutative* rings. If you have a noncommutative ring, abelian group or module, consider using `noncomm_ring`, `abel` or `module` instead.
info: NumeratorFunctional.lean:118:0: 'Zeta5NumeratorFunctional.numeratorFunctional' depends on axioms: [propext, Classical.choice, Quot.sound]
info: NumeratorFunctional.lean:119:0: 'Zeta5NumeratorFunctional.hankelMatrix_as_functional' depends on axioms: [propext, Classical.choice, Quot.sound]
info: NumeratorFunctional.lean:120:0: 'Zeta5NumeratorFunctional.numeratorFunctional_cancel_all' depends on axioms: [propext, Classical.choice, Quot.sound]
info: NumeratorFunctional.lean:121:0: 'Zeta5NumeratorFunctional.actualCorrectedHankel_as_functional' depends on axioms: [propext,
 Classical.choice,
 Quot.sound]
⚠ [3153/3255] Replayed BasisTransfer
info: BasisTransfer.lean:69:0: 'Zeta5BasisTransfer.integer_basis_weighted_det_bound' depends on axioms: [propext, Classical.choice, Quot.sound]
warning: BasisTransfer.lean:79:0: automatically included section variable(s) unused in theorem `Zeta5BasisTransfer.gram_basisRows`:
  [DecidableEq ι]
consider restructuring your `variable` declarations so that the variables are not in scope or explicitly omit them:
  omit [DecidableEq ι] in theorem ...

Note: This linter can be disabled with `set_option linter.unusedSectionVars false`
warning: BasisTransfer.lean:83:42: This simp argument is unused:
  Matrix.mul_assoc

Hint: Omit it from the simp argument list.
  [apply] simp only [gram, basisRows, congruence, Matrix.mul_apply, Matrix.map_apply, Matrix.transpose_apply,
    Finset.sum_mul, Finset.mul_sum, smul_mul_assoc, mul_smul_comm, smul_smul, map_sum, map_smul]

Note: This linter can be disabled with `set_option linter.unusedSimpArgs false`
warning: BasisTransfer.lean:85:35: This simp argument is unused:
  smul_smul

Hint: Omit it from the simp argument list.
  [apply] simp only [gram, basisRows, congruence, Matrix.mul_assoc, Matrix.mul_apply, Matrix.map_apply,
    Matrix.transpose_apply, Finset.sum_mul, Finset.mul_sum, smul_mul_assoc, mul_smul_comm, map_sum, map_smul]

Note: This linter can be disabled with `set_option linter.unusedSimpArgs false`
warning: BasisTransfer.lean:86:28: This simp argument is unused:
  map_mul

Hint: Omit it from the simp argument list.
  [apply] simp only [smul_eq_C_mul, Finset.mul_sum]

Note: This linter can be disabled with `set_option linter.unusedSimpArgs false`
info: BasisTransfer.lean:93:0: 'Zeta5BasisTransfer.gram_basisRows' depends on axioms: [propext, Classical.choice, Quot.sound]
ℹ [3155/3255] Replayed PolynomialDistribution
info: PolynomialDistribution.lean:114:6: Try this:
  [apply] ring_nf
  
  The `ring` tactic failed to close the goal. Use `ring_nf` to obtain a normal form.
    
  Note that `ring` works primarily in *commutative* rings. If you have a noncommutative ring, abelian group or module, consider using `noncomm_ring`, `abel` or `module` instead.
info: PolynomialDistribution.lean:212:0: 'Zeta5Local.bernoulliFunctional_distribution' depends on axioms: [propext, Classical.choice, Quot.sound]
info: PolynomialDistribution.lean:213:0: 'Zeta5Local.rationalTauFunctional_distribution' depends on axioms: [propext, Classical.choice, Quot.sound]
ℹ [3156/3255] Replayed ConstructionPullback
info: ConstructionPullback.lean:41:0: 'Zeta5Construction.polynomialFunctional_padic_pullback' depends on axioms: [propext, Classical.choice, Quot.sound]
ℹ [3160/3255] Replayed AnalyticCompletion
info: AnalyticCompletion.lean:93:0: 'Zeta5Local.bounded_kernel_summable' depends on axioms: [propext, Classical.choice, Quot.sound]
info: AnalyticCompletion.lean:94:0: 'Zeta5Local.p_power_absorbs_loss' depends on axioms: [propext, Classical.choice, Quot.sound]
ℹ [3161/3255] Replayed AnalyticFarPoles
info: AnalyticFarPoles.lean:82:0: 'Zeta5Local.analyticPole_summable' depends on axioms: [propext, Classical.choice, Quot.sound]
info: AnalyticFarPoles.lean:83:0: 'Zeta5Local.distributionParameter_integral' depends on axioms: [propext, Classical.choice, Quot.sound]
⚠ [3162/3255] Replayed AnalyticTranslation
warning: AnalyticTranslation.lean:68:45: Used `tac1 <;> tac2` where `(tac1; tac2)` would suffice

Note: This linter can be disabled with `set_option linter.unnecessarySeqFocus false`
info: AnalyticTranslation.lean:171:0: 'Zeta5Local.analyticPoleValue_translation' depends on axioms: [propext, Classical.choice, Quot.sound]
⚠ [3163/3255] Replayed IntegerPoleRecurrence
warning: IntegerPoleRecurrence.lean:11:8: automatically included section variable(s) unused in theorem `Zeta5Local.integerPoleValue_zero`:
  [CharZero K]
consider restructuring your `variable` declarations so that the variables are not in scope or explicitly omit them:
  omit [CharZero K] in theorem ...

Note: This linter can be disabled with `set_option linter.unusedSectionVars false`
warning: IntegerPoleRecurrence.lean:14:8: automatically included section variable(s) unused in theorem `Zeta5Local.integerPoleValue_neg_one`:
  [CharZero K]
consider restructuring your `variable` declarations so that the variables are not in scope or explicitly omit them:
  omit [CharZero K] in theorem ...

Note: This linter can be disabled with `set_option linter.unusedSectionVars false`
info: IntegerPoleRecurrence.lean:66:0: 'Zeta5Local.integerPoleValue_unique' depends on axioms: [propext, Classical.choice, Quot.sound]
⚠ [3164/3255] Replayed IntegerPoleDistribution
warning: IntegerPoleDistribution.lean:37:8: `if_pos` has been deprecated: Use `ite_eq_left` instead

Hint: Replace the deprecated name:
  i̵f̵_̵p̵o̵s̵i̲t̲e̲_̲e̲q̲_̲l̲e̲f̲t̲
warning: IntegerPoleDistribution.lean:37:18: `if_pos` has been deprecated: Use `ite_eq_left` instead

Hint: Replace the deprecated name:
  i̵f̵_̵p̵o̵s̵i̲t̲e̲_̲e̲q̲_̲l̲e̲f̲t̲
warning: IntegerPoleDistribution.lean:48:8: `if_neg` has been deprecated: Use `ite_eq_right` instead

Hint: Replace the deprecated name:
  i̵f̵_̵n̵e̵g̵i̲t̲e̲_̲e̲q̲_̲r̲i̲g̲h̲t̲
warning: IntegerPoleDistribution.lean:48:18: `if_neg` has been deprecated: Use `ite_eq_right` instead

Hint: Replace the deprecated name:
  i̵f̵_̵n̵e̵g̵i̲t̲e̲_̲e̲q̲_̲r̲i̲g̲h̲t̲
warning: IntegerPoleDistribution.lean:91:66: `if_true` has been deprecated: Use `ite_true` instead

Hint: Replace the deprecated name:
  i̵f̵_̵t̵r̵u̵e̵i̲t̲e̲_̲t̲r̲u̲e̲
info: IntegerPoleDistribution.lean:135:0: 'Zeta5Local.integerPole_distribution' depends on axioms: [propext, Classical.choice, Quot.sound]
ℹ [3165/3255] Replayed RationalDistribution
info: RationalDistribution.lean:37:0: 'Zeta5Local.rationalPresentation_distribution' depends on axioms: [propext, Classical.choice, Quot.sound]
ℹ [3166/3255] Replayed RationalPullback
info: RationalPullback.lean:86:0: 'Zeta5Local.numeratorFunctional_pullback' depends on axioms: [propext, Classical.choice, Quot.sound]
⚠ [3168/3255] Replayed LocalDivision
warning: LocalDivision.lean:25:8: `mul_le_one₀` has been deprecated: No replacement, use constituent lemmas from proof.
info: LocalDivision.lean:86:0: 'Zeta5Local.integral_monic_division' depends on axioms: [propext, Classical.choice, Quot.sound]
info: LocalDivision.lean:87:0: 'Zeta5Local.integral_residue' depends on axioms: [propext, Classical.choice, Quot.sound]
⚠ [3169/3255] Replayed NearPoleSeries
warning: NearPoleSeries.lean:56:8: `mul_le_one₀` has been deprecated: No replacement, use constituent lemmas from proof.
warning: NearPoleSeries.lean:153:10: `mul_le_one₀` has been deprecated: No replacement, use constituent lemmas from proof.
info: NearPoleSeries.lean:155:0: 'Zeta5Local.nearPoleSeries_integral' depends on axioms: [propext, Classical.choice, Quot.sound]
info: NearPoleSeries.lean:156:0: 'Zeta5Local.nearPolePolynomialSeries_integral' depends on axioms: [propext, Classical.choice, Quot.sound]
⚠ [3170/3255] Replayed ActualRationalDistribution
warning: ActualRationalDistribution.lean:17:31: `if_pos` has been deprecated: Use `ite_eq_left` instead

Hint: Replace the deprecated name:
  i̵f̵_̵p̵o̵s̵i̲t̲e̲_̲e̲q̲_̲l̲e̲f̲t̲
warning: ActualRationalDistribution.lean:21:31: `if_neg` has been deprecated: Use `ite_eq_right` instead

Hint: Replace the deprecated name:
  i̵f̵_̵n̵e̵g̵i̲t̲e̲_̲e̲q̲_̲r̲i̲g̲h̲t̲
warning: ActualRationalDistribution.lean:36:72: `if_false` has been deprecated: Use `ite_false` instead

Hint: Replace the deprecated name:
  i̵f̵_̵f̵a̵l̵s̵e̵i̲t̲e̲_̲f̲a̲l̲s̲e̲
warning: ActualRationalDistribution.lean:36:82: `if_true` has been deprecated: Use `ite_true` instead

Hint: Replace the deprecated name:
  i̵f̵_̵t̵r̵u̵e̵i̲t̲e̲_̲t̲r̲u̲e̲
info: ActualRationalDistribution.lean:77:0: 'Zeta5Local.numeratorFunctional_padic_distribution' depends on axioms: [propext, Classical.choice, Quot.sound]
⚠ [3171/3255] Replayed InnerFactorCounts
warning: InnerFactorCounts.lean:53:38: Variable name `hp` is not explicitly referenced.

Hint: The binding can be removed (if unused) or named `_` (if used implicitly). Alternatively, prefix the name with `_` to silence this warning:
  [apply] _hp

Note: This linter can be disabled with `set_option linter.unusedVariables false`
info: InnerFactorCounts.lean:69:0: 'Zeta5InnerFactorCounts.linearNearCount_ordinary' depends on axioms: [propext, Classical.choice, Quot.sound]
⚠ [3172/3255] Replayed InnerFactorization
warning: InnerFactorization.lean:18:54: `if_false` has been deprecated: Use `ite_false` instead

Hint: Replace the deprecated name:
  i̵f̵_̵f̵a̵l̵s̵e̵i̲t̲e̲_̲f̲a̲l̲s̲e̲
warning: InnerFactorization.lean:18:64: `if_true` has been deprecated: Use `ite_true` instead

Hint: Replace the deprecated name:
  i̵f̵_̵t̵r̵u̵e̵i̲t̲e̲_̲t̲r̲u̲e̲
warning: InnerFactorization.lean:48:36: `if_false` has been deprecated: Use `ite_false` instead

Hint: Replace the deprecated name:
  i̵f̵_̵f̵a̵l̵s̵e̵i̲t̲e̲_̲f̲a̲l̲s̲e̲
warning: InnerFactorization.lean:48:46: `if_true` has been deprecated: Use `ite_true` instead

Hint: Replace the deprecated name:
  i̵f̵_̵t̵r̵u̵e̵i̲t̲e̲_̲t̲r̲u̲e̲
info: InnerFactorization.lean:96:0: 'Zeta5InnerFactorization.signedProduct_pullback' depends on axioms: [propext, Classical.choice, Quot.sound]
info: InnerFactorization.lean:97:0: 'Zeta5InnerFactorization.ordinary_near_degree' depends on axioms: [propext, Classical.choice, Quot.sound]
⚠ [3173/3255] Replayed OuterBasis
warning: OuterBasis.lean:149:23: `if_neg` has been deprecated: Use `ite_eq_right` instead

Hint: Replace the deprecated name:
  i̵f̵_̵n̵e̵g̵i̲t̲e̲_̲e̲q̲_̲r̲i̲g̲h̲t̲
warning: OuterBasis.lean:149:34: `if_neg` has been deprecated: Use `ite_eq_right` instead

Hint: Replace the deprecated name:
  i̵f̵_̵n̵e̵g̵i̲t̲e̲_̲e̲q̲_̲r̲i̲g̲h̲t̲
info: OuterBasis.lean:183:0: 'Zeta5OuterBasis.basisMatrix_det_not_dvd' depends on axioms: [propext, Classical.choice, Quot.sound]
info: OuterBasis.lean:184:0: 'Zeta5OuterBasis.basisMatrix_det_valuation' depends on axioms: [propext, Classical.choice, Quot.sound]
ℹ [3174/3255] Replayed OuterEntries
info: OuterEntries.lean:93:0: 'Zeta5OuterEntries.corrected_cross_class_entry_integral' depends on axioms: [propext, Classical.choice, Quot.sound]
ℹ [3175/3255] Replayed FunctionalCancellation
info: FunctionalCancellation.lean:75:0: 'Zeta5FunctionalCancellation.numeratorFunctional_cancel_subset' depends on axioms: [propext,
 Classical.choice,
 Quot.sound]
⚠ [3176/3255] Replayed OuterNear
warning: OuterNear.lean:117:19: This simp argument is unused:
  hn

Hint: Omit it from the simp argument list.
  [apply] simp [coeff_X, Ne.symm hn]

Note: This linter can be disabled with `set_option linter.unusedSimpArgs false`
info: OuterNear.lean:258:0: 'Zeta5OuterNear.ordinary_near_functional_integral' depends on axioms: [propext, Classical.choice, Quot.sound]
info: OuterNear.lean:311:0: 'Zeta5OuterNear.ordinary_high_row_entry_integral' depends on axioms: [propext, Classical.choice, Quot.sound]
ℹ [3177/3255] Replayed OuterPoleArithmetic
info: OuterPoleArithmetic.lean:190:0: 'Zeta5OuterArithmetic.poleFunctional_lower_five' depends on axioms: [propext, Classical.choice, Quot.sound]
info: OuterPoleArithmetic.lean:191:0: 'Zeta5OuterArithmetic.poleFunctional_lower_one' depends on axioms: [propext, Classical.choice, Quot.sound]
⚠ [3178/3255] Replayed OuterLow
warning: OuterLow.lean:18:70: This simp argument is unused:
  eval_one

Hint: Omit it from the simp argument list.
  [apply] simp only [derivative_mul, derivative_sub, derivative_X, derivative_C, sub_zero, eval_add, eval_mul, eval_sub,
    eval_X, eval_C, sub_self, zero_mul, one_mul, add_zero, eval_prod]

Note: This linter can be disabled with `set_option linter.unusedSimpArgs false`
info: OuterLow.lean:100:0: 'Zeta5OuterLow.ordinary_derivative_inverse_lower' depends on axioms: [propext, Classical.choice, Quot.sound]
info: OuterLow.lean:101:0: 'Zeta5OuterLow.removed_denominator_eval_lower' depends on axioms: [propext, Classical.choice, Quot.sound]
info: OuterLow.lean:102:0: 'Zeta5OuterLow.low_row_eval_lower' depends on axioms: [propext, Classical.choice, Quot.sound]
info: OuterLow.lean:194:0: 'Zeta5OuterLow.ordinary_low_residue_lower' depends on axioms: [propext, Classical.choice, Quot.sound]
warning: OuterLow.lean:251:33: `if_pos` has been deprecated: Use `ite_eq_left` instead

Hint: Replace the deprecated name:
  i̵f̵_̵p̵o̵s̵i̲t̲e̲_̲e̲q̲_̲l̲e̲f̲t̲
warning: OuterLow.lean:251:44: `if_pos` has been deprecated: Use `ite_eq_left` instead

Hint: Replace the deprecated name:
  i̵f̵_̵p̵o̵s̵i̲t̲e̲_̲e̲q̲_̲l̲e̲f̲t̲
info: OuterLow.lean:263:0: 'Zeta5OuterLow.ordinary_entry_weighted_bound' depends on axioms: [propext, Classical.choice, Quot.sound]
ℹ [3179/3255] Replayed OuterZero
info: OuterZero.lean:100:0: 'Zeta5OuterZero.zero_difference_padicVal_le_two' depends on axioms: [propext, Classical.choice, Quot.sound]
info: OuterZero.lean:228:0: 'Zeta5OuterZero.zero_entry_weighted_bound' depends on axioms: [propext, Classical.choice, Quot.sound]
⚠ [3180/3255] Replayed OuterDeterminant
warning: OuterDeterminant.lean:43:51: `if_pos` has been deprecated: Use `ite_eq_left` instead

Hint: Replace the deprecated name:
  i̵f̵_̵p̵o̵s̵i̲t̲e̲_̲e̲q̲_̲l̲e̲f̲t̲
warning: OuterDeterminant.lean:45:51: `if_neg` has been deprecated: Use `ite_eq_right` instead

Hint: Replace the deprecated name:
  i̵f̵_̵n̵e̵g̵i̲t̲e̲_̲e̲q̲_̲r̲i̲g̲h̲t̲
warning: OuterDeterminant.lean:62:17: `if_pos` has been deprecated: Use `ite_eq_left` instead

Hint: Replace the deprecated name:
  i̵f̵_̵p̵o̵s̵i̲t̲e̲_̲e̲q̲_̲l̲e̲f̲t̲
warning: OuterDeterminant.lean:66:17: `if_neg` has been deprecated: Use `ite_eq_right` instead

Hint: Replace the deprecated name:
  i̵f̵_̵n̵e̵g̵i̲t̲e̲_̲e̲q̲_̲r̲i̲g̲h̲t̲
info: OuterDeterminant.lean:99:0: 'Zeta5OuterDeterminant.correctedClassMatrix_weighted' depends on axioms: [propext, Classical.choice, Quot.sound]
info: OuterDeterminant.lean:100:0: 'Zeta5OuterDeterminant.polynomial_det_coarse_rank_correction' depends on axioms: [propext, Classical.choice, Quot.sound]
info: OuterDeterminant.lean:159:0: 'Zeta5OuterDeterminant.correctedClassMatrix_congruence' depends on axioms: [propext, Classical.choice, Quot.sound]
warning: OuterDeterminant.lean:163:0: automatically included section variable(s) unused in theorem `Zeta5OuterDeterminant.integral_matrix_mul`:
  [DecidableEq ι]
consider restructuring your `variable` declarations so that the variables are not in scope or explicitly omit them:
  omit [DecidableEq ι] in theorem ...

Note: This linter can be disabled with `set_option linter.unusedSectionVars false`
warning: OuterDeterminant.lean:174:0: automatically included section variable(s) unused in theorem `Zeta5OuterDeterminant.congruence_add_constant`:
  [DecidableEq ι]
consider restructuring your `variable` declarations so that the variables are not in scope or explicitly omit them:
  omit [DecidableEq ι] in theorem ...

Note: This linter can be disabled with `set_option linter.unusedSectionVars false`
info: OuterDeterminant.lean:240:0: 'Zeta5OuterDeterminant.classCorrectionMatrix_integral' depends on axioms: [propext, Classical.choice, Quot.sound]
info: OuterDeterminant.lean:241:0: 'Zeta5OuterDeterminant.classCorrectionMatrix_rank' depends on axioms: [propext, Classical.choice, Quot.sound]
info: OuterDeterminant.lean:242:0: 'Zeta5OuterDeterminant.actual_class_correction_decomposition' depends on axioms: [propext, Classical.choice, Quot.sound]
info: OuterDeterminant.lean:292:0: 'Zeta5OuterDeterminant.actual_outer_determinant_bound' depends on axioms: [propext, Classical.choice, Quot.sound]
ℹ [3181/3255] Replayed OuterLargePrimes
info: OuterLargePrimes.lean:103:0: 'Zeta5OuterLargePrimes.ordinary_high_row_integral_general' depends on axioms: [propext, Classical.choice, Quot.sound]
info: OuterLargePrimes.lean:191:0: 'Zeta5OuterLargePrimes.actual_large_prime_determinant_bound' depends on axioms: [propext, Classical.choice, Quot.sound]
⚠ [3182/3255] Replayed OuterClassCounts
warning: OuterClassCounts.lean:53:73: Used `tac1 <;> tac2` where `(tac1; tac2)` would suffice

Note: This linter can be disabled with `set_option linter.unnecessarySeqFocus false`
warning: OuterClassCounts.lean:231:62: Variable name `hKp` is not explicitly referenced.

Hint: The binding can be removed (if unused) or named `_` (if used implicitly). Alternatively, prefix the name with `_` to silence this warning:
  [apply] _hKp

Note: This linter can be disabled with `set_option linter.unusedVariables false`
info: OuterClassCounts.lean:255:0: 'Zeta5OuterClassCounts.zero_classDimension' depends on axioms: [propext, Classical.choice, Quot.sound]
info: OuterClassCounts.lean:256:0: 'Zeta5OuterClassCounts.zero_farDegree' depends on axioms: [propext, Classical.choice, Quot.sound]
info: OuterClassCounts.lean:257:0: 'Zeta5OuterClassCounts.farDegree_sum' depends on axioms: [propext, Classical.choice, Quot.sound]
info: OuterClassCounts.lean:258:0: 'Zeta5OuterClassCounts.classDimension_add_removed' depends on axioms: [propext, Classical.choice, Quot.sound]
info: OuterClassCounts.lean:259:0: 'Zeta5OuterClassCounts.poleCount_eq_quotient_indicators' depends on axioms: [propext, Classical.choice, Quot.sound]
info: OuterClassCounts.lean:260:0: 'Zeta5OuterClassCounts.farDegree_add_two' depends on axioms: [propext, Classical.choice, Quot.sound]
info: OuterClassCounts.lean:261:0: 'Zeta5OuterClassCounts.farDegree_eq_indicators' depends on axioms: [propext, Classical.choice, Quot.sound]
⚠ [3183/3255] Replayed OuterWeightSums
warning: OuterWeightSums.lean:24:33: Variable name `hp` is not explicitly referenced.

Hint: The binding can be removed (if unused) or named `_` (if used implicitly). Alternatively, prefix the name with `_` to silence this warning:
  [apply] _hp

Note: This linter can be disabled with `set_option linter.unusedVariables false`
warning: OuterWeightSums.lean:29:33: Variable name `hp` is not explicitly referenced.

Hint: The binding can be removed (if unused) or named `_` (if used implicitly). Alternatively, prefix the name with `_` to silence this warning:
  [apply] _hp

Note: This linter can be disabled with `set_option linter.unusedVariables false`
warning: OuterWeightSums.lean:54:32: `if_pos` has been deprecated: Use `ite_eq_left` instead

Hint: Replace the deprecated name:
  i̵f̵_̵p̵o̵s̵i̲t̲e̲_̲e̲q̲_̲l̲e̲f̲t̲
warning: OuterWeightSums.lean:58:10: `if_pos` has been deprecated: Use `ite_eq_left` instead

Hint: Replace the deprecated name:
  i̵f̵_̵p̵o̵s̵i̲t̲e̲_̲e̲q̲_̲l̲e̲f̲t̲
warning: OuterWeightSums.lean:62:10: `if_neg` has been deprecated: Use `ite_eq_right` instead

Hint: Replace the deprecated name:
  i̵f̵_̵n̵e̵g̵i̲t̲e̲_̲e̲q̲_̲r̲i̲g̲h̲t̲
warning: OuterWeightSums.lean:66:8: `if_neg` has been deprecated: Use `ite_eq_right` instead

Hint: Replace the deprecated name:
  i̵f̵_̵n̵e̵g̵i̲t̲e̲_̲e̲q̲_̲r̲i̲g̲h̲t̲
warning: OuterWeightSums.lean:66:36: `if_neg` has been deprecated: Use `ite_eq_right` instead

Hint: Replace the deprecated name:
  i̵f̵_̵n̵e̵g̵i̲t̲e̲_̲e̲q̲_̲r̲i̲g̲h̲t̲
warning: OuterWeightSums.lean:67:8: `if_neg` has been deprecated: Use `ite_eq_right` instead

Hint: Replace the deprecated name:
  i̵f̵_̵n̵e̵g̵i̲t̲e̲_̲e̲q̲_̲r̲i̲g̲h̲t̲
⚠ [3184/3255] Replayed OuterCountSums
warning: OuterCountSums.lean:21:44: This simp argument is unused:
  Fin.val_mk

Hint: Omit it from the simp argument list.
  [apply] simp only [mem_filter, mem_univ, true_and]

Note: This linter can be disabled with `set_option linter.unusedSimpArgs false`
warning: OuterCountSums.lean:60:10: `if_pos` has been deprecated: Use `ite_eq_left` instead

Hint: Replace the deprecated name:
  i̵f̵_̵p̵o̵s̵i̲t̲e̲_̲e̲q̲_̲l̲e̲f̲t̲
warning: OuterCountSums.lean:60:20: `if_pos` has been deprecated: Use `ite_eq_left` instead

Hint: Replace the deprecated name:
  i̵f̵_̵p̵o̵s̵i̲t̲e̲_̲e̲q̲_̲l̲e̲f̲t̲
warning: OuterCountSums.lean:62:10: `if_neg` has been deprecated: Use `ite_eq_right` instead

Hint: Replace the deprecated name:
  i̵f̵_̵n̵e̵g̵i̲t̲e̲_̲e̲q̲_̲r̲i̲g̲h̲t̲
warning: OuterCountSums.lean:62:20: `if_neg` has been deprecated: Use `ite_eq_right` instead

Hint: Replace the deprecated name:
  i̵f̵_̵n̵e̵g̵i̲t̲e̲_̲e̲q̲_̲r̲i̲g̲h̲t̲
info: OuterCountSums.lean:71:0: 'Zeta5OuterCountSums.removed_farDegree_sum' depends on axioms: [propext, Classical.choice, Quot.sound]
⚠ [3185/3255] Replayed OuterWeightAggregation
warning: OuterWeightAggregation.lean:23:8: `if_pos` has been deprecated: Use `ite_eq_left` instead

Hint: Replace the deprecated name:
  i̵f̵_̵p̵o̵s̵i̲t̲e̲_̲e̲q̲_̲l̲e̲f̲t̲
warning: OuterWeightAggregation.lean:25:8: `if_neg` has been deprecated: Use `ite_eq_right` instead

Hint: Replace the deprecated name:
  i̵f̵_̵n̵e̵g̵i̲t̲e̲_̲e̲q̲_̲r̲i̲g̲h̲t̲
warning: OuterWeightAggregation.lean:55:2: Try this: 
  letI̵

The goal is a proposition, so `let` is preferred over `letI`.
The difference between `let` and `letI` is that `letI` inlines the value.
But this is not relevant for proofs because of proof irrelevance.

Note: This linter can be disabled with `set_option linter.style.haveILetI false`
warning: OuterWeightAggregation.lean:67:8: `if_pos` has been deprecated: Use `ite_eq_left` instead

Hint: Replace the deprecated name:
  i̵f̵_̵p̵o̵s̵i̲t̲e̲_̲e̲q̲_̲l̲e̲f̲t̲
warning: OuterWeightAggregation.lean:79:30: `if_pos` has been deprecated: Use `ite_eq_left` instead

Hint: Replace the deprecated name:
  i̵f̵_̵p̵o̵s̵i̲t̲e̲_̲e̲q̲_̲l̲e̲f̲t̲
warning: OuterWeightAggregation.lean:80:56: `if_pos` has been deprecated: Use `ite_eq_left` instead

Hint: Replace the deprecated name:
  i̵f̵_̵p̵o̵s̵i̲t̲e̲_̲e̲q̲_̲l̲e̲f̲t̲
warning: OuterWeightAggregation.lean:81:56: `if_false` has been deprecated: Use `ite_false` instead

Hint: Replace the deprecated name:
  i̵f̵_̵f̵a̵l̵s̵e̵i̲t̲e̲_̲f̲a̲l̲s̲e̲
warning: OuterWeightAggregation.lean:81:66: `if_true` has been deprecated: Use `ite_true` instead

Hint: Replace the deprecated name:
  i̵f̵_̵t̵r̵u̵e̵i̲t̲e̲_̲t̲r̲u̲e̲
warning: OuterWeightAggregation.lean:83:30: `if_neg` has been deprecated: Use `ite_eq_right` instead

Hint: Replace the deprecated name:
  i̵f̵_̵n̵e̵g̵i̲t̲e̲_̲e̲q̲_̲r̲i̲g̲h̲t̲
warning: OuterWeightAggregation.lean:85:19: `if_pos` has been deprecated: Use `ite_eq_left` instead

Hint: Replace the deprecated name:
  i̵f̵_̵p̵o̵s̵i̲t̲e̲_̲e̲q̲_̲l̲e̲f̲t̲
warning: OuterWeightAggregation.lean:85:31: `if_neg` has been deprecated: Use `ite_eq_right` instead

Hint: Replace the deprecated name:
  i̵f̵_̵n̵e̵g̵i̲t̲e̲_̲e̲q̲_̲r̲i̲g̲h̲t̲
warning: OuterWeightAggregation.lean:92:8: `if_neg` has been deprecated: Use `ite_eq_right` instead

Hint: Replace the deprecated name:
  i̵f̵_̵n̵e̵g̵i̲t̲e̲_̲e̲q̲_̲r̲i̲g̲h̲t̲
warning: OuterWeightAggregation.lean:104:30: `if_pos` has been deprecated: Use `ite_eq_left` instead

Hint: Replace the deprecated name:
  i̵f̵_̵p̵o̵s̵i̲t̲e̲_̲e̲q̲_̲l̲e̲f̲t̲
warning: OuterWeightAggregation.lean:105:56: `if_neg` has been deprecated: Use `ite_eq_right` instead

Hint: Replace the deprecated name:
  i̵f̵_̵n̵e̵g̵i̲t̲e̲_̲e̲q̲_̲r̲i̲g̲h̲t̲
warning: OuterWeightAggregation.lean:106:56: `if_false` has been deprecated: Use `ite_false` instead

Hint: Replace the deprecated name:
  i̵f̵_̵f̵a̵l̵s̵e̵i̲t̲e̲_̲f̲a̲l̲s̲e̲
warning: OuterWeightAggregation.lean:106:66: `if_true` has been deprecated: Use `ite_true` instead

Hint: Replace the deprecated name:
  i̵f̵_̵t̵r̵u̵e̵i̲t̲e̲_̲t̲r̲u̲e̲
warning: OuterWeightAggregation.lean:108:30: `if_neg` has been deprecated: Use `ite_eq_right` instead

Hint: Replace the deprecated name:
  i̵f̵_̵n̵e̵g̵i̲t̲e̲_̲e̲q̲_̲r̲i̲g̲h̲t̲
warning: OuterWeightAggregation.lean:110:19: `if_neg` has been deprecated: Use `ite_eq_right` instead

Hint: Replace the deprecated name:
  i̵f̵_̵n̵e̵g̵i̲t̲e̲_̲e̲q̲_̲r̲i̲g̲h̲t̲
warning: OuterWeightAggregation.lean:110:31: `if_neg` has been deprecated: Use `ite_eq_right` instead

Hint: Replace the deprecated name:
  i̵f̵_̵n̵e̵g̵i̲t̲e̲_̲e̲q̲_̲r̲i̲g̲h̲t̲
warning: OuterWeightAggregation.lean:81:66: This simp argument is unused:
  if_true

Hint: Omit it from the simp argument list.
  [apply] simp only [R, ha, lt_self_iff_false, false_and, if_false]

Note: This linter can be disabled with `set_option linter.unusedSimpArgs false`
warning: OuterWeightAggregation.lean:85:31: This simp argument is unused:
  if_neg ha

Hint: Omit it from the simp argument list.
  [apply] simp only [if_pos hK2, R]

Note: This linter can be disabled with `set_option linter.unusedSimpArgs false`
warning: OuterWeightAggregation.lean:106:66: This simp argument is unused:
  if_true

Hint: Omit it from the simp argument list.
  [apply] simp only [R, ha, lt_self_iff_false, false_and, if_false]

Note: This linter can be disabled with `set_option linter.unusedSimpArgs false`
warning: OuterWeightAggregation.lean:110:31: This simp argument is unused:
  if_neg ha

Hint: Omit it from the simp argument list.
  [apply] simp only [if_neg hK2, R]

Note: This linter can be disabled with `set_option linter.unusedSimpArgs false`
warning: OuterWeightAggregation.lean:86:72: Used `tac1 <;> tac2` where `(tac1; tac2)` would suffice

Note: This linter can be disabled with `set_option linter.unnecessarySeqFocus false`
warning: OuterWeightAggregation.lean:111:72: Used `tac1 <;> tac2` where `(tac1; tac2)` would suffice

Note: This linter can be disabled with `set_option linter.unnecessarySeqFocus false`
info: OuterWeightAggregation.lean:119:0: 'Zeta5OuterWeightAggregation.rowWeight_sum' depends on axioms: [propext, Classical.choice, Quot.sound]
⚠ [3186/3255] Replayed FarUnitExpansion
warning: FarUnitExpansion.lean:118:6: `simp` already closes the goal

Hint: Use `simp` instead of `simpa`:
  [apply] simp at hq

Note: This linter can be disabled with `set_option linter.unnecessarySimpa false`
info: FarUnitExpansion.lean:151:0: 'Zeta5Local.farUnitExpansion_hasSum' depends on axioms: [propext, Classical.choice, Quot.sound]
info: FarUnitExpansion.lean:152:0: 'Zeta5Local.farUnitNearPoleSeries_integral' depends on axioms: [propext, Classical.choice, Quot.sound]
ℹ [3187/3255] Replayed PowerSeriesCompletion
info: PowerSeriesCompletion.lean:121:0: 'Zeta5Local.tauPowerSeries_weighted' depends on axioms: [propext, Classical.choice, Quot.sound]
⚠ [3188/3255] Replayed FarUnitPowerSeries
warning: FarUnitPowerSeries.lean:17:5: Variable name `hA` is not explicitly referenced.

Hint: The binding can be removed (if unused) or named `_` (if used implicitly). Alternatively, prefix the name with `_` to silence this warning:
  [apply] _hA

Note: This linter can be disabled with `set_option linter.unusedVariables false`
warning: FarUnitPowerSeries.lean:77:56: `if_false` has been deprecated: Use `ite_false` instead

Hint: Replace the deprecated name:
  i̵f̵_̵f̵a̵l̵s̵e̵i̲t̲e̲_̲f̲a̲l̲s̲e̲
warning: FarUnitPowerSeries.lean:77:6: This simp argument is unused:
  Nat.add_eq_zero_iff

Hint: Omit it from the simp argument list.
  [apply] simp only [sub_mul, map_sub, PowerSeries.coeff_succ_X_mul, PowerSeries.coeff_C_mul, farPolePowerSeries_coeff,
    PowerSeries.coeff_one, Nat.succ_ne_zero, false_and, if_false]

Note: This linter can be disabled with `set_option linter.unusedSimpArgs false`
warning: FarUnitPowerSeries.lean:77:45: This simp argument is unused:
  false_and

Hint: Omit it from the simp argument list.
  [apply] simp only [sub_mul, map_sub, PowerSeries.coeff_succ_X_mul, PowerSeries.coeff_C_mul, farPolePowerSeries_coeff,
    PowerSeries.coeff_one, Nat.add_eq_zero_iff, Nat.succ_ne_zero, if_false]

Note: This linter can be disabled with `set_option linter.unusedSimpArgs false`
info: FarUnitPowerSeries.lean:81:0: 'Zeta5Local.farUnitExpansion_powerSeries_identity' depends on axioms: [propext, Classical.choice, Quot.sound]
info: FarUnitPowerSeries.lean:82:0: 'Zeta5Local.farPolePowerSeries_identity' depends on axioms: [propext, Classical.choice, Quot.sound]
ℹ [3190/3255] Replayed PartialFractions
info: PartialFractions.lean:72:0: 'Zeta5Local.partial_fraction_eval' depends on axioms: [propext, Classical.choice, Quot.sound]
info: PartialFractions.lean:73:0: 'Zeta5Local.partial_fraction_eval₂' depends on axioms: [propext, Classical.choice, Quot.sound]
ℹ [3191/3255] Replayed PowerSeriesResidues
info: PowerSeriesResidues.lean:83:0: 'Zeta5Local.farUnit_remainder_identity' depends on axioms: [propext, Classical.choice, Quot.sound]
ℹ [3192/3255] Replayed AnalyticPresentation
info: AnalyticPresentation.lean:71:0: 'Zeta5Local.tauPowerSeries_analytic_presentation' depends on axioms: [propext, Classical.choice, Quot.sound]
ℹ [3193/3255] Replayed SplitExpansion
info: SplitExpansion.lean:89:0: 'Zeta5Local.splitFarExpansion_identity' depends on axioms: [propext, Classical.choice, Quot.sound]
info: SplitExpansion.lean:90:0: 'Zeta5Local.splitFarExpansion_hasSum' depends on axioms: [propext, Classical.choice, Quot.sound]
⚠ [3194/3255] Replayed PresentationCertificates
warning: PresentationCertificates.lean:30:0: automatically included section variable(s) unused in theorem `Zeta5Local.presentation_affine_identity`:
  [DecidableEq ι]
consider restructuring your `variable` declarations so that the variables are not in scope or explicitly omit them:
  omit [DecidableEq ι] in theorem ...

Note: This linter can be disabled with `set_option linter.unusedSectionVars false`
warning: PresentationCertificates.lean:73:0: automatically included section variable(s) unused in theorem `Zeta5Local.presentation_quadratic_identity`:
  [DecidableEq ι]
consider restructuring your `variable` declarations so that the variables are not in scope or explicitly omit them:
  omit [DecidableEq ι] in theorem ...

Note: This linter can be disabled with `set_option linter.unusedSectionVars false`
info: PresentationCertificates.lean:96:0: 'Zeta5Local.presentation_quadratic_identity' depends on axioms: [propext, Classical.choice, Quot.sound]
info: PresentationCertificates.lean:97:0: 'Zeta5Local.presentation_affine_identity' depends on axioms: [propext, Classical.choice, Quot.sound]
⚠ [3195/3255] Replayed ActualPullbackCertificate
warning: ActualPullbackCertificate.lean:40:76: `if_false` has been deprecated: Use `ite_false` instead

Hint: Replace the deprecated name:
  i̵f̵_̵f̵a̵l̵s̵e̵i̲t̲e̲_̲f̲a̲l̲s̲e̲
warning: ActualPullbackCertificate.lean:41:56: `if_true` has been deprecated: Use `ite_true` instead

Hint: Replace the deprecated name:
  i̵f̵_̵t̵r̵u̵e̵i̲t̲e̲_̲t̲r̲u̲e̲
warning: ActualPullbackCertificate.lean:56:64: `if_false` has been deprecated: Use `ite_false` instead

Hint: Replace the deprecated name:
  i̵f̵_̵f̵a̵l̵s̵e̵i̲t̲e̲_̲f̲a̲l̲s̲e̲
warning: ActualPullbackCertificate.lean:56:74: `if_true` has been deprecated: Use `ite_true` instead

Hint: Replace the deprecated name:
  i̵f̵_̵t̵r̵u̵e̵i̲t̲e̲_̲t̲r̲u̲e̲
info: ActualPullbackCertificate.lean:59:0: 'Zeta5Local.actualPullback_certificate' depends on axioms: [propext, Classical.choice, Quot.sound]
⚠ [3204/3255] Replayed SmallPrimeResidues
warning: SmallPrimeResidues.lean:18:15: `Nat.add_div_le_add_div` has been deprecated: Use `Nat.div_add_div_le_add_div` instead

Hint: Replace the deprecated name:
  Nat.d̲i̲v̲_̲add_div_le_add_div
info: SmallPrimeResidues.lean:92:0: 'Zeta5Local.factorial_ratio_valuation' depends on axioms: [propext, Classical.choice, Quot.sound]
info: SmallPrimeResidues.lean:93:0: 'Zeta5Local.residue_valuation' depends on axioms: [propext, Classical.choice, Quot.sound]
ℹ [3205/3255] Replayed CanonicalPresentation
info: CanonicalPresentation.lean:60:0: 'Zeta5Local.canonical_presentation_unique' depends on axioms: [propext, Classical.choice, Quot.sound]
info: CanonicalPresentation.lean:61:0: 'Zeta5Local.presentations_unique' depends on axioms: [propext, Classical.choice, Quot.sound]
ℹ [3206/3255] Replayed NormalizationLog
info: NormalizationLog.lean:27:0: 'Zeta5Parameters.log_normalizer' depends on axioms: [propext, Classical.choice, Quot.sound]
ℹ [3207/3347] Replayed InnerDegrees
info: InnerDegrees.lean:67:0: 'Zeta5InnerDegrees.ordinary_degree_bound' depends on axioms: [propext, Classical.choice, Quot.sound]
info: InnerDegrees.lean:68:0: 'Zeta5InnerDegrees.zero_degree_bound' depends on axioms: [propext, Classical.choice, Quot.sound]
⚠ [3208/3347] Replayed InnerBasis
warning: InnerBasis.lean:26:38: `if_true` has been deprecated: Use `ite_true` instead

Hint: Replace the deprecated name:
  i̵f̵_̵t̵r̵u̵e̵i̲t̲e̲_̲t̲r̲u̲e̲
warning: InnerBasis.lean:27:28: `if_false` has been deprecated: Use `ite_false` instead

Hint: Replace the deprecated name:
  i̵f̵_̵f̵a̵l̵s̵e̵i̲t̲e̲_̲f̲a̲l̲s̲e̲
warning: InnerBasis.lean:55:53: `if_false` has been deprecated: Use `ite_false` instead

Hint: Replace the deprecated name:
  i̵f̵_̵f̵a̵l̵s̵e̵i̲t̲e̲_̲f̲a̲l̲s̲e̲
warning: InnerBasis.lean:56:25: `if_true` has been deprecated: Use `ite_true` instead

Hint: Replace the deprecated name:
  i̵f̵_̵t̵r̵u̵e̵i̲t̲e̲_̲t̲r̲u̲e̲
warning: InnerBasis.lean:90:28: `if_false` has been deprecated: Use `ite_false` instead

Hint: Replace the deprecated name:
  i̵f̵_̵f̵a̵l̵s̵e̵i̲t̲e̲_̲f̲a̲l̲s̲e̲
warning: InnerBasis.lean:99:38: `if_true` has been deprecated: Use `ite_true` instead

Hint: Replace the deprecated name:
  i̵f̵_̵t̵r̵u̵e̵i̲t̲e̲_̲t̲r̲u̲e̲
info: InnerBasis.lean:102:0: 'Zeta5InnerBasis.basisMatrix_det_valuation' depends on axioms: [propext, Classical.choice, Quot.sound]
info: InnerBasis.lean:103:0: 'Zeta5InnerBasis.ordinary_row_degree' depends on axioms: [propext, Classical.choice, Quot.sound]
⚠ [3209/3347] Replayed InnerAssignedWeights
warning: InnerAssignedWeights.lean:21:28: Used `tac1 <;> tac2` where `(tac1; tac2)` would suffice

Note: This linter can be disabled with `set_option linter.unnecessarySeqFocus false`
warning: InnerAssignedWeights.lean:24:28: Used `tac1 <;> tac2` where `(tac1; tac2)` would suffice

Note: This linter can be disabled with `set_option linter.unnecessarySeqFocus false`
warning: InnerAssignedWeights.lean:74:32: `if_true` has been deprecated: Use `ite_true` instead

Hint: Replace the deprecated name:
  i̵f̵_̵t̵r̵u̵e̵i̲t̲e̲_̲t̲r̲u̲e̲
warning: InnerAssignedWeights.lean:74:72: `if_false` has been deprecated: Use `ite_false` instead

Hint: Replace the deprecated name:
  i̵f̵_̵f̵a̵l̵s̵e̵i̲t̲e̲_̲f̲a̲l̲s̲e̲
warning: InnerAssignedWeights.lean:97:34: `if_false` has been deprecated: Use `ite_false` instead

Hint: Replace the deprecated name:
  i̵f̵_̵f̵a̵l̵s̵e̵i̲t̲e̲_̲f̲a̲l̲s̲e̲
warning: InnerAssignedWeights.lean:81:23: Used `tac1 <;> tac2` where `(tac1; tac2)` would suffice

Note: This linter can be disabled with `set_option linter.unnecessarySeqFocus false`
warning: InnerAssignedWeights.lean:106:32: `if_true` has been deprecated: Use `ite_true` instead

Hint: Replace the deprecated name:
  i̵f̵_̵t̵r̵u̵e̵i̲t̲e̲_̲t̲r̲u̲e̲
warning: InnerAssignedWeights.lean:106:67: `if_true` has been deprecated: Use `ite_true` instead

Hint: Replace the deprecated name:
  i̵f̵_̵t̵r̵u̵e̵i̲t̲e̲_̲t̲r̲u̲e̲
warning: InnerAssignedWeights.lean:116:32: `if_false` has been deprecated: Use `ite_false` instead

Hint: Replace the deprecated name:
  i̵f̵_̵f̵a̵l̵s̵e̵i̲t̲e̲_̲f̲a̲l̲s̲e̲
warning: InnerAssignedWeights.lean:117:20: `if_true` has been deprecated: Use `ite_true` instead

Hint: Replace the deprecated name:
  i̵f̵_̵t̵r̵u̵e̵i̲t̲e̲_̲t̲r̲u̲e̲
warning: InnerAssignedWeights.lean:106:28: This simp argument is unused:
  hi

Hint: Omit it from the simp argument list.
  [apply] simp only [twiceWeight, if_true, zeroSource, rowOrder, he, if_true]

Note: This linter can be disabled with `set_option linter.unusedSimpArgs false`
warning: InnerAssignedWeights.lean:123:51: `if_true` has been deprecated: Use `ite_true` instead

Hint: Replace the deprecated name:
  i̵f̵_̵t̵r̵u̵e̵i̲t̲e̲_̲t̲r̲u̲e̲
warning: InnerAssignedWeights.lean:124:49: `if_false` has been deprecated: Use `ite_false` instead

Hint: Replace the deprecated name:
  i̵f̵_̵f̵a̵l̵s̵e̵i̲t̲e̲_̲f̲a̲l̲s̲e̲
info: InnerAssignedWeights.lean:149:0: 'Zeta5InnerAssignedWeights.sum_twiceWeight' depends on axioms: [propext, Classical.choice, Quot.sound]
info: InnerAssignedWeights.lean:150:0: 'Zeta5InnerAssignedWeights.ordinary_source_bound' depends on axioms: [propext, Classical.choice, Quot.sound]
info: InnerAssignedWeights.lean:151:0: 'Zeta5InnerAssignedWeights.zero_source_bound' depends on axioms: [propext, Classical.choice, Quot.sound]
ℹ [3210/3347] Replayed InnerDeterminant
info: InnerDeterminant.lean:120:0: 'Zeta5InnerDeterminant.determinant_bound_of_entries' depends on axioms: [propext, Classical.choice, Quot.sound]
ℹ [3211/3347] Replayed InnerNormBridge
info: InnerNormBridge.lean:54:0: 'Zeta5InnerNormBridge.affine_coeffLower_of_eval01' depends on axioms: [propext, Classical.choice, Quot.sound]
ℹ [3212/3347] Replayed InnerDistributionBound
info: InnerDistributionBound.lean:59:0: 'Zeta5InnerDistributionBound.functional_coeffLower_of_disks' depends on axioms: [propext, Classical.choice, Quot.sound]
⚠ [3213/3347] Replayed InnerSources
warning: InnerSources.lean:42:37: `if_true` has been deprecated: Use `ite_true` instead

Hint: Replace the deprecated name:
  i̵f̵_̵t̵r̵u̵e̵i̲t̲e̲_̲t̲r̲u̲e̲
warning: InnerSources.lean:48:37: `if_false` has been deprecated: Use `ite_false` instead

Hint: Replace the deprecated name:
  i̵f̵_̵f̵a̵l̵s̵e̵i̲t̲e̲_̲f̲a̲l̲s̲e̲
info: InnerSources.lean:84:0: 'Zeta5InnerSources.classMatrix_weighted_of_disk_bounds' depends on axioms: [propext, Classical.choice, Quot.sound]
⚠ [3214/3347] Replayed InnerRowFactors
warning: InnerRowFactors.lean:40:38: `if_false` has been deprecated: Use `ite_false` instead

Hint: Replace the deprecated name:
  i̵f̵_̵f̵a̵l̵s̵e̵i̲t̲e̲_̲f̲a̲l̲s̲e̲
warning: InnerRowFactors.lean:40:48: `if_true` has been deprecated: Use `ite_true` instead

Hint: Replace the deprecated name:
  i̵f̵_̵t̵r̵u̵e̵i̲t̲e̲_̲t̲r̲u̲e̲
warning: InnerRowFactors.lean:47:72: `if_false` has been deprecated: Use `ite_false` instead

Hint: Replace the deprecated name:
  i̵f̵_̵f̵a̵l̵s̵e̵i̲t̲e̲_̲f̲a̲l̲s̲e̲
warning: InnerRowFactors.lean:64:24: `if_false` has been deprecated: Use `ite_false` instead

Hint: Replace the deprecated name:
  i̵f̵_̵f̵a̵l̵s̵e̵i̲t̲e̲_̲f̲a̲l̲s̲e̲
warning: InnerRowFactors.lean:64:34: `if_true` has been deprecated: Use `ite_true` instead

Hint: Replace the deprecated name:
  i̵f̵_̵t̵r̵u̵e̵i̲t̲e̲_̲t̲r̲u̲e̲
info: InnerRowFactors.lean:77:0: 'Zeta5InnerRowFactors.ordinary_degree' depends on axioms: [propext, Classical.choice, Quot.sound]
info: InnerRowFactors.lean:78:0: 'Zeta5InnerRowFactors.row_pullback' depends on axioms: [propext, Classical.choice, Quot.sound]
⚠ [3215/3347] Replayed InnerDiskFactorization
warning: InnerDiskFactorization.lean:117:19: `if_true` has been deprecated: Use `ite_true` instead

Hint: Replace the deprecated name:
  i̵f̵_̵t̵r̵u̵e̵i̲t̲e̲_̲t̲r̲u̲e̲
warning: InnerDiskFactorization.lean:121:19: `if_false` has been deprecated: Use `ite_false` instead

Hint: Replace the deprecated name:
  i̵f̵_̵f̵a̵l̵s̵e̵i̲t̲e̲_̲f̲a̲l̲s̲e̲
info: InnerDiskFactorization.lean:188:0: 'Zeta5InnerDisk.numerator_disk_split' depends on axioms: [propext, Classical.choice, Quot.sound]
info: InnerDiskFactorization.lean:189:0: 'Zeta5InnerDisk.denominator_disk_split' depends on axioms: [propext, Classical.choice, Quot.sound]
info: InnerDiskFactorization.lean:190:0: 'Zeta5InnerDisk.denominator_constant_unit' depends on axioms: [propext, Classical.choice, Quot.sound]
⚠ [3216/3347] Replayed InnerDiskDegrees
warning: InnerDiskDegrees.lean:66:6: `if_neg` has been deprecated: Use `ite_eq_right` instead

Hint: Replace the deprecated name:
  i̵f̵_̵n̵e̵g̵i̲t̲e̲_̲e̲q̲_̲r̲i̲g̲h̲t̲
warning: InnerDiskDegrees.lean:83:6: `if_pos` has been deprecated: Use `ite_eq_left` instead

Hint: Replace the deprecated name:
  i̵f̵_̵p̵o̵s̵i̲t̲e̲_̲e̲q̲_̲l̲e̲f̲t̲
info: InnerDiskDegrees.lean:180:0: 'Zeta5InnerDisk.actual_leadingNumerator_degree_all' depends on axioms: [propext, Classical.choice, Quot.sound]
info: InnerDiskDegrees.lean:181:0: 'Zeta5InnerDisk.actual_leadingNumerator_degree' depends on axioms: [propext, Classical.choice, Quot.sound]
⚠ [3217/3347] Replayed InnerExponentMatch
warning: InnerExponentMatch.lean:25:50: `if_true` has been deprecated: Use `ite_true` instead

Hint: Replace the deprecated name:
  i̵f̵_̵t̵r̵u̵e̵i̲t̲e̲_̲t̲r̲u̲e̲
warning: InnerExponentMatch.lean:43:33: `if_false` has been deprecated: Use `ite_false` instead

Hint: Replace the deprecated name:
  i̵f̵_̵f̵a̵l̵s̵e̵i̲t̲e̲_̲f̲a̲l̲s̲e̲
info: InnerExponentMatch.lean:65:0: 'Zeta5InnerExponentMatch.actual_disk_exponent_eq_source' depends on axioms: [propext, Classical.choice, Quot.sound]
info: InnerExponentMatch.lean:66:0: 'Zeta5InnerExponentMatch.norm_of_p_scaled_norm' depends on axioms: [propext, Classical.choice, Quot.sound]
ℹ [3218/3347] Replayed InnerGamma
info: InnerGamma.lean:117:0: 'Zeta5InnerAsymptotics.gamma_allocation_lower' depends on axioms: [propext, Classical.choice, Quot.sound]
ℹ [3219/3347] Replayed InnerUniform
info: InnerUniform.lean:113:0: 'Zeta5InnerAsymptotics.actual_innerGamma_lower' depends on axioms: [propext, Classical.choice, Quot.sound]
ℹ [3220/3347] Replayed InnerErrorBound
info: InnerErrorBound.lean:87:0: 'Zeta5InnerAsymptotics.actual_innerGamma_uniform' depends on axioms: [propext, Classical.choice, Quot.sound]
ℹ [3221/3347] Replayed ScalarValuation
info: ScalarValuation.lean:75:0: 'Zeta5InnerAsymptotics.actual_normalizingScalar_valuation' depends on axioms: [propext, Classical.choice, Quot.sound]
⚠ [3222/3347] Replayed OuterNormalized
warning: OuterNormalized.lean:35:29: `if_pos` has been deprecated: Use `ite_eq_left` instead

Hint: Replace the deprecated name:
  i̵f̵_̵p̵o̵s̵i̲t̲e̲_̲e̲q̲_̲l̲e̲f̲t̲
warning: OuterNormalized.lean:50:10: `if_neg` has been deprecated: Use `ite_eq_right` instead

Hint: Replace the deprecated name:
  i̵f̵_̵n̵e̵g̵i̲t̲e̲_̲e̲q̲_̲r̲i̲g̲h̲t̲
warning: OuterNormalized.lean:52:12: `if_pos` has been deprecated: Use `ite_eq_left` instead

Hint: Replace the deprecated name:
  i̵f̵_̵p̵o̵s̵i̲t̲e̲_̲e̲q̲_̲l̲e̲f̲t̲
warning: OuterNormalized.lean:52:25: `if_pos` has been deprecated: Use `ite_eq_left` instead

Hint: Replace the deprecated name:
  i̵f̵_̵p̵o̵s̵i̲t̲e̲_̲e̲q̲_̲l̲e̲f̲t̲
warning: OuterNormalized.lean:55:12: `if_neg` has been deprecated: Use `ite_eq_right` instead

Hint: Replace the deprecated name:
  i̵f̵_̵n̵e̵g̵i̲t̲e̲_̲e̲q̲_̲r̲i̲g̲h̲t̲
warning: OuterNormalized.lean:55:25: `if_neg` has been deprecated: Use `ite_eq_right` instead

Hint: Replace the deprecated name:
  i̵f̵_̵n̵e̵g̵i̲t̲e̲_̲e̲q̲_̲r̲i̲g̲h̲t̲
warning: OuterNormalized.lean:94:21: `if_neg` has been deprecated: Use `ite_eq_right` instead

Hint: Replace the deprecated name:
  i̵f̵_̵n̵e̵g̵i̲t̲e̲_̲e̲q̲_̲r̲i̲g̲h̲t̲
warning: OuterNormalized.lean:94:40: `if_neg` has been deprecated: Use `ite_eq_right` instead

Hint: Replace the deprecated name:
  i̵f̵_̵n̵e̵g̵i̲t̲e̲_̲e̲q̲_̲r̲i̲g̲h̲t̲
info: OuterNormalized.lean:97:0: 'Zeta5OuterNormalized.actual_coarseOuterExponent_bound' depends on axioms: [propext, Classical.choice, Quot.sound]
info: OuterNormalized.lean:98:0: 'Zeta5OuterNormalized.actual_outer_localExponent_bound' depends on axioms: [propext, Classical.choice, Quot.sound]
warning: OuterNormalized.lean:140:25: `if_pos` has been deprecated: Use `ite_eq_left` instead

Hint: Replace the deprecated name:
  i̵f̵_̵p̵o̵s̵i̲t̲e̲_̲e̲q̲_̲l̲e̲f̲t̲
info: OuterNormalized.lean:143:0: 'Zeta5OuterNormalized.actual_outside_normalization_bound' depends on axioms: [propext, Classical.choice, Quot.sound]
⚠ [3223/3347] Replayed NearPoleCompletion
warning: NearPoleCompletion.lean:9:0: automatically included section variable(s) unused in theorem `Zeta5Local.weighted_eval_sum_summable`:
  [DecidableEq ι]
consider restructuring your `variable` declarations so that the variables are not in scope or explicitly omit them:
  omit [DecidableEq ι] in theorem ...

Note: This linter can be disabled with `set_option linter.unusedSectionVars false`
warning: NearPoleCompletion.lean:16:0: automatically included section variable(s) unused in theorem `Zeta5Local.weighted_eval_finset_tsum`:
  [DecidableEq ι]
consider restructuring your `variable` declarations so that the variables are not in scope or explicitly omit them:
  omit [DecidableEq ι] in theorem ...

Note: This linter can be disabled with `set_option linter.unusedSectionVars false`
info: NearPoleCompletion.lean:69:0: 'Zeta5Local.nearPolePolynomialSeries_as_powerSeries' depends on axioms: [propext, Classical.choice, Quot.sound]
ℹ [3224/3347] Replayed CanonicalLocalBound
info: CanonicalLocalBound.lean:118:0: 'Zeta5Local.canonical_local_coefficient_bound' depends on axioms: [propext, Classical.choice, Quot.sound]
ℹ [3225/3347] Replayed CanonicalSplitBound
info: CanonicalSplitBound.lean:64:0: 'Zeta5Local.canonical_split_coefficient_bound' depends on axioms: [propext, Classical.choice, Quot.sound]
⚠ [3226/3347] Replayed PartitionCertificate
warning: PartitionCertificate.lean:120:13: This simp argument is unused:
  eval_mul

Hint: Omit it from the simp argument list.
  [apply] simp only [eval_C, hT, mul_zero, zero_mul, Finset.sum_const_zero, add_zero] at hh

Note: This linter can be disabled with `set_option linter.unusedSimpArgs false`
warning: PartitionCertificate.lean:120:23: This simp argument is unused:
  eval_C

Hint: Omit it from the simp argument list.
  [apply] simp only [eval_mul, hT, mul_zero, zero_mul, Finset.sum_const_zero, add_zero] at hh

Note: This linter can be disabled with `set_option linter.unusedSimpArgs false`
warning: PartitionCertificate.lean:120:31: This simp argument is unused:
  hT

Hint: Omit it from the simp argument list.
  [apply] simp only [eval_mul, eval_C, mul_zero, zero_mul, Finset.sum_const_zero, add_zero] at hh

Note: This linter can be disabled with `set_option linter.unusedSimpArgs false`
warning: PartitionCertificate.lean:120:35: This simp argument is unused:
  mul_zero

Hint: Omit it from the simp argument list.
  [apply] simp only [eval_mul, eval_C, hT, zero_mul, Finset.sum_const_zero, add_zero] at hh

Note: This linter can be disabled with `set_option linter.unusedSimpArgs false`
warning: PartitionCertificate.lean:120:45: This simp argument is unused:
  zero_mul

Hint: Omit it from the simp argument list.
  [apply] simp only [eval_mul, eval_C, hT, mul_zero, Finset.sum_const_zero, add_zero] at hh

Note: This linter can be disabled with `set_option linter.unusedSimpArgs false`
info: PartitionCertificate.lean:124:0: 'Zeta5Local.presentation_normalize_partition' depends on axioms: [propext, Classical.choice, Quot.sound]
⚠ [3227/3347] Replayed ScaledLocalBound
warning: ScaledLocalBound.lean:69:51: `if_pos` has been deprecated: Use `ite_eq_left` instead

Hint: Replace the deprecated name:
  i̵f̵_̵p̵o̵s̵i̲t̲e̲_̲e̲q̲_̲l̲e̲f̲t̲
info: ScaledLocalBound.lean:102:0: 'Zeta5Local.scaled_presentation_local_bound' depends on axioms: [propext, Classical.choice, Quot.sound]
ℹ [3228/3347] Replayed LocalDiskValue
info: LocalDiskValue.lean:54:0: 'Zeta5Local.normalized_disk_value_integral' depends on axioms: [propext, Classical.choice, Quot.sound]
⚠ [3229/3347] Replayed FullPullbackCertificate
warning: FullPullbackCertificate.lean:141:58: `if_false` has been deprecated: Use `ite_false` instead

Hint: Replace the deprecated name:
  i̵f̵_̵f̵a̵l̵s̵e̵i̲t̲e̲_̲f̲a̲l̲s̲e̲
warning: FullPullbackCertificate.lean:141:68: `if_true` has been deprecated: Use `ite_true` instead

Hint: Replace the deprecated name:
  i̵f̵_̵t̵r̵u̵e̵i̲t̲e̲_̲t̲r̲u̲e̲
info: FullPullbackCertificate.lean:167:0: 'Zeta5Local.fullPullback_certificate' depends on axioms: [propext, Classical.choice, Quot.sound]
info: FullPullbackCertificate.lean:168:0: 'Zeta5Local.fullPullback_affine_certificate' depends on axioms: [propext, Classical.choice, Quot.sound]
info: FullPullbackCertificate.lean:169:0: 'Zeta5Local.fullPullback_padic_distribution' depends on axioms: [propext, Classical.choice, Quot.sound]
⚠ [3230/3347] Replayed InnerDiskPadic
warning: InnerDiskPadic.lean:102:26: Variable name `K` is not explicitly referenced.

Hint: The binding can be removed (if unused) or named `_` (if used implicitly). Alternatively, prefix the name with `_` to silence this warning:
  [apply] _K

Note: This linter can be disabled with `set_option linter.unusedVariables false`
info: InnerDiskPadic.lean:129:0: 'Zeta5InnerDisk.disk_quotient_eval' depends on axioms: [propext, Classical.choice, Quot.sound]
info: InnerDiskPadic.lean:130:0: 'Zeta5InnerDisk.numerator_disk_split_padic' depends on axioms: [propext, Classical.choice, Quot.sound]
info: InnerDiskPadic.lean:131:0: 'Zeta5InnerDisk.denominator_disk_split_padic' depends on axioms: [propext, Classical.choice, Quot.sound]
info: InnerDiskPadic.lean:132:0: 'Zeta5InnerDisk.actual_leadingNumerator_padic_degree' depends on axioms: [propext, Classical.choice, Quot.sound]
ℹ [3231/3347] Replayed InnerPullbackCertificate
info: InnerPullbackCertificate.lean:58:0: 'Zeta5InnerDisk.innerPullback_affine_certificate' depends on axioms: [propext, Classical.choice, Quot.sound]
⚠ [3232/3347] Replayed InnerDiskRoots
warning: InnerDiskRoots.lean:46:0: automatically included section variable(s) unused in theorem `Zeta5InnerDisk.fullNear_mem_iff`:
  [Fact (Nat.Prime p)]
consider restructuring your `variable` declarations so that the variables are not in scope or explicitly omit them:
  omit [Fact (Nat.Prime p)] in theorem ...

Note: This linter can be disabled with `set_option linter.unusedSectionVars false`
info: InnerDiskRoots.lean:144:0: 'Zeta5InnerDisk.denNear_padic_eq_full' depends on axioms: [propext, Classical.choice, Quot.sound]
info: InnerDiskRoots.lean:145:0: 'Zeta5InnerDisk.actual_fullNearRoots_separated' depends on axioms: [propext, Classical.choice, Quot.sound]
ℹ [3233/3347] Replayed ActualDiskValue
info: ActualDiskValue.lean:24:0: 'Zeta5Local.actual_full_disk_value' depends on axioms: [propext, Classical.choice, Quot.sound]
⚠ [3237/3347] Replayed SmallPrimeFunctional
warning: SmallPrimeFunctional.lean:103:13: `Polynomial.eval_finset_sum` has been deprecated: Use `Polynomial.eval_finsetSum` instead

Hint: Replace the deprecated name:
  P̵o̵l̵y̵n̵o̵m̵i̵a̵l̵.̵e̵v̵a̵l̵_̵f̵i̵n̵s̵e̵t̵_̵s̵u̵m̵e̲v̲a̲l̲_̲f̲i̲n̲s̲e̲t̲S̲u̲m̲
warning: SmallPrimeFunctional.lean:164:6: `Polynomial.finset_sum_coeff` has been deprecated: Use `Polynomial.finsetSum_coeff` instead

Hint: Replace the deprecated name:
  P̵o̵l̵y̵n̵o̵m̵i̵a̵l̵.̵f̵i̵n̵s̵e̵t̵_̵s̵u̵m̵_̵c̵o̵e̵f̵f̵f̲i̲n̲s̲e̲t̲S̲u̲m̲_̲c̲o̲e̲f̲f̲
warning: SmallPrimeFunctional.lean:230:21: Used `tac1 <;> tac2` where `(tac1; tac2)` would suffice

Note: This linter can be disabled with `set_option linter.unnecessarySeqFocus false`
info: SmallPrimeFunctional.lean:261:0: 'Zeta5Local.bernoulliFunctional_binomial' depends on axioms: [propext, Classical.choice, Quot.sound]
info: SmallPrimeFunctional.lean:262:0: 'Zeta5Local.newton_expansion' depends on axioms: [propext, Classical.choice, Quot.sound]
info: SmallPrimeFunctional.lean:263:0: 'Zeta5Local.bernoulliFunctional_integerValued_norm' depends on axioms: [propext, Classical.choice, Quot.sound]
info: SmallPrimeFunctional.lean:264:0: 'Zeta5Local.binomialPolynomial_derivative_norm' depends on axioms: [propext, Classical.choice, Quot.sound]
info: SmallPrimeFunctional.lean:265:0: 'Zeta5Local.derivative_integerValued_norm' depends on axioms: [propext, Classical.choice, Quot.sound]
info: SmallPrimeFunctional.lean:266:0: 'Zeta5Local.rationalTauFunctional_integerValued_norm' depends on axioms: [propext, Classical.choice, Quot.sound]
ℹ [3238/3347] Replayed SmallPrimeLipschitz
info: SmallPrimeLipschitz.lean:138:0: 'Zeta5Local.padic_choose_sub_norm' depends on axioms: [propext, Classical.choice, Quot.sound]
info: SmallPrimeLipschitz.lean:139:0: 'Zeta5Local.integerValued_lipschitz' depends on axioms: [propext, Classical.choice, Quot.sound]
info: SmallPrimeLipschitz.lean:140:0: 'Zeta5Local.integerValued_norm_on_padicInt' depends on axioms: [propext, Classical.choice, Quot.sound]
info: SmallPrimeLipschitz.lean:141:0: 'Zeta5Local.polynomial_norm_of_nat_tail' depends on axioms: [propext, Classical.choice, Quot.sound]
ℹ [3239/3347] Replayed SmallPrimeProducts
info: SmallPrimeProducts.lean:90:0: 'Zeta5Local.reducedInverseProduct_bounds' depends on axioms: [propext, Classical.choice, Quot.sound]
ℹ [3240/3347] Replayed SmallPrimeFactorials
info: SmallPrimeFactorials.lean:129:0: 'Zeta5Local.consecutive_reduced_product_norm' depends on axioms: [propext, Classical.choice, Quot.sound]
info: SmallPrimeFactorials.lean:130:0: 'Zeta5Local.factorial_ratio_balanced_norm' depends on axioms: [propext, Classical.choice, Quot.sound]
info: SmallPrimeFactorials.lean:131:0: 'Zeta5Local.integer_difference_inv_norm' depends on axioms: [propext, Classical.choice, Quot.sound]
info: SmallPrimeFactorials.lean:132:0: 'Zeta5Local.smallPrimeRoot_center_norm' depends on axioms: [propext, Classical.choice, Quot.sound]
⚠ [3241/3347] Replayed SmallPrimeRootEquiv
warning: SmallPrimeRootEquiv.lean:16:66: `if_false` has been deprecated: Use `ite_false` instead

Hint: Replace the deprecated name:
  i̵f̵_̵f̵a̵l̵s̵e̵i̲t̲e̲_̲f̲a̲l̲s̲e̲
warning: SmallPrimeRootEquiv.lean:16:76: `if_true` has been deprecated: Use `ite_true` instead

Hint: Replace the deprecated name:
  i̵f̵_̵t̵r̵u̵e̵i̲t̲e̲_̲t̲r̲u̲e̲
warning: SmallPrimeRootEquiv.lean:16:66: `if_false` has been deprecated: Use `ite_false` instead

Hint: Replace the deprecated name:
  i̵f̵_̵f̵a̵l̵s̵e̵i̲t̲e̲_̲f̲a̲l̲s̲e̲
warning: SmallPrimeRootEquiv.lean:16:76: `if_true` has been deprecated: Use `ite_true` instead

Hint: Replace the deprecated name:
  i̵f̵_̵t̵r̵u̵e̵i̲t̲e̲_̲t̲r̲u̲e̲
warning: SmallPrimeRootEquiv.lean:23:56: `if_false` has been deprecated: Use `ite_false` instead

Hint: Replace the deprecated name:
  i̵f̵_̵f̵a̵l̵s̵e̵i̲t̲e̲_̲f̲a̲l̲s̲e̲
warning: SmallPrimeRootEquiv.lean:23:66: `if_true` has been deprecated: Use `ite_true` instead

Hint: Replace the deprecated name:
  i̵f̵_̵t̵r̵u̵e̵i̲t̲e̲_̲t̲r̲u̲e̲
warning: SmallPrimeRootEquiv.lean:23:56: `if_false` has been deprecated: Use `ite_false` instead

Hint: Replace the deprecated name:
  i̵f̵_̵f̵a̵l̵s̵e̵i̲t̲e̲_̲f̲a̲l̲s̲e̲
warning: SmallPrimeRootEquiv.lean:23:66: `if_true` has been deprecated: Use `ite_true` instead

Hint: Replace the deprecated name:
  i̵f̵_̵t̵r̵u̵e̵i̲t̲e̲_̲t̲r̲u̲e̲
warning: SmallPrimeRootEquiv.lean:23:56: `if_false` has been deprecated: Use `ite_false` instead

Hint: Replace the deprecated name:
  i̵f̵_̵f̵a̵l̵s̵e̵i̲t̲e̲_̲f̲a̲l̲s̲e̲
warning: SmallPrimeRootEquiv.lean:23:66: `if_true` has been deprecated: Use `ite_true` instead

Hint: Replace the deprecated name:
  i̵f̵_̵t̵r̵u̵e̵i̲t̲e̲_̲t̲r̲u̲e̲
warning: SmallPrimeRootEquiv.lean:23:56: `if_false` has been deprecated: Use `ite_false` instead

Hint: Replace the deprecated name:
  i̵f̵_̵f̵a̵l̵s̵e̵i̲t̲e̲_̲f̲a̲l̲s̲e̲
warning: SmallPrimeRootEquiv.lean:23:66: `if_true` has been deprecated: Use `ite_true` instead

Hint: Replace the deprecated name:
  i̵f̵_̵t̵r̵u̵e̵i̲t̲e̲_̲t̲r̲u̲e̲
warning: SmallPrimeRootEquiv.lean:45:40: `if_true` has been deprecated: Use `ite_true` instead

Hint: Replace the deprecated name:
  i̵f̵_̵t̵r̵u̵e̵i̲t̲e̲_̲t̲r̲u̲e̲
warning: SmallPrimeRootEquiv.lean:49:60: `if_false` has been deprecated: Use `ite_false` instead

Hint: Replace the deprecated name:
  i̵f̵_̵f̵a̵l̵s̵e̵i̲t̲e̲_̲f̲a̲l̲s̲e̲
warning: SmallPrimeRootEquiv.lean:62:26: `if_false` has been deprecated: Use `ite_false` instead

Hint: Replace the deprecated name:
  i̵f̵_̵f̵a̵l̵s̵e̵i̲t̲e̲_̲f̲a̲l̲s̲e̲
warning: SmallPrimeRootEquiv.lean:62:36: `if_true` has been deprecated: Use `ite_true` instead

Hint: Replace the deprecated name:
  i̵f̵_̵t̵r̵u̵e̵i̲t̲e̲_̲t̲r̲u̲e̲
warning: SmallPrimeRootEquiv.lean:62:26: `if_false` has been deprecated: Use `ite_false` instead

Hint: Replace the deprecated name:
  i̵f̵_̵f̵a̵l̵s̵e̵i̲t̲e̲_̲f̲a̲l̲s̲e̲
warning: SmallPrimeRootEquiv.lean:62:36: `if_true` has been deprecated: Use `ite_true` instead

Hint: Replace the deprecated name:
  i̵f̵_̵t̵r̵u̵e̵i̲t̲e̲_̲t̲r̲u̲e̲
warning: SmallPrimeRootEquiv.lean:84:70: `if_false` has been deprecated: Use `ite_false` instead

Hint: Replace the deprecated name:
  i̵f̵_̵f̵a̵l̵s̵e̵i̲t̲e̲_̲f̲a̲l̲s̲e̲
warning: SmallPrimeRootEquiv.lean:84:80: `if_true` has been deprecated: Use `ite_true` instead

Hint: Replace the deprecated name:
  i̵f̵_̵t̵r̵u̵e̵i̲t̲e̲_̲t̲r̲u̲e̲
warning: SmallPrimeRootEquiv.lean:89:15: This simp argument is unused:
  sub_comp

Hint: Omit it from the simp argument list.
  [apply] simp only [add_comp, X_comp, C_comp, node, map_neg, sub_neg_eq_add]

Note: This linter can be disabled with `set_option linter.unusedSimpArgs false`
info: SmallPrimeRootEquiv.lean:133:0: 'Zeta5Local.smallPrimeRootEquiv' depends on axioms: [propext, Classical.choice, Quot.sound]
info: SmallPrimeRootEquiv.lean:134:0: 'Zeta5Local.smallPrimeRootEquiv_root' depends on axioms: [propext, Classical.choice, Quot.sound]
info: SmallPrimeRootEquiv.lean:135:0: 'Zeta5Local.smallPrimeRoot_nodal' depends on axioms: [propext, Classical.choice, Quot.sound]
info: SmallPrimeRootEquiv.lean:136:0: 'Zeta5Local.actualSignedRoot_nodal_cofactor' depends on axioms: [propext, Classical.choice, Quot.sound]
⚠ [3242/3347] Replayed SmallPrimePole
warning: SmallPrimePole.lean:43:57: This simp argument is unused:
  hn1

Hint: Omit it from the simp argument list.
  [apply] simp [Polynomial.coeff_C, Polynomial.coeff_X, hn0, Ne.symm hn1]

Note: This linter can be disabled with `set_option linter.unusedSimpArgs false`
info: SmallPrimePole.lean:45:0: 'Zeta5Local.harmonic5_norm' depends on axioms: [propext, Classical.choice, Quot.sound]
info: SmallPrimePole.lean:46:0: 'Zeta5Local.poleValue_coeff_norm' depends on axioms: [propext, Classical.choice, Quot.sound]
ℹ [3243/3347] Replayed SmallPrimeBasis
info: SmallPrimeBasis.lean:51:0: 'Zeta5Local.smallPrimeQ_natDegree' depends on axioms: [propext, Classical.choice, Quot.sound]
info: SmallPrimeBasis.lean:52:0: 'Zeta5Local.smallPrimeQ_leadingCoeff' depends on axioms: [propext, Classical.choice, Quot.sound]
⚠ [3244/3347] Replayed SmallPrimeDeterminant
warning: SmallPrimeDeterminant.lean:46:6: `Matrix.det_of_upperTriangular` has been deprecated: Use `Matrix.det_of_isUpperTriangular` instead

Hint: Replace the deprecated name:
  M̵a̵t̵r̵i̵x̵.̵d̵e̵t̵_̵o̵f̵_̵u̵p̵p̵e̵r̵T̵r̵i̵a̵n̵g̵u̵l̵a̵r̵d̲e̲t̲_̲o̲f̲_̲i̲s̲U̲p̲p̲e̲r̲T̲r̲i̲a̲n̲g̲u̲l̲a̲r̲
warning: SmallPrimeDeterminant.lean:47:5: `Matrix.matrixOfPolynomials_blockTriangular` has been deprecated: Use `Matrix.matrixOfPolynomials_isUpperTriangular` instead

Hint: Replace the deprecated name:
  M̵a̵t̵r̵i̵x̵.̵m̵a̵t̵r̵i̵x̵O̵f̵P̵o̵l̵y̵n̵o̵m̵i̵a̵l̵s̵_̵b̵l̵o̵c̵k̵T̵r̵i̵a̵n̵g̵u̵l̵a̵r̵m̲a̲t̲r̲i̲x̲O̲f̲P̲o̲l̲y̲n̲o̲m̲i̲a̲l̲s̲_̲i̲s̲U̲p̲p̲e̲r̲T̲r̲i̲a̲n̲g̲u̲l̲a̲r̲
info: SmallPrimeDeterminant.lean:86:0: 'Zeta5SmallPrimeDeterminant.smallPrimeMatrix_det' depends on axioms: [propext, Classical.choice, Quot.sound]
ℹ [3245/3347] Replayed SmallPrimeBinomial
info: SmallPrimeBinomial.lean:155:0: 'Zeta5Local.smallPrimeQ_binomial' depends on axioms: [propext, Classical.choice, Quot.sound]
info: SmallPrimeBinomial.lean:156:0: 'Zeta5Local.denominator_binomial' depends on axioms: [propext, Classical.choice, Quot.sound]
info: SmallPrimeBinomial.lean:157:0: 'Zeta5Local.smallPrimeF_integerValued' depends on axioms: [propext, Classical.choice, Quot.sound]
ℹ [3338/3428] Replayed ScaledIntegerLocalBound
info: ScaledIntegerLocalBound.lean:48:0: 'Zeta5Local.scaled_integer_presentation_bound' depends on axioms: [propext, Classical.choice, Quot.sound]
⚠ [3339/3428] Replayed ActualInnerDiskBound
warning: ActualInnerDiskBound.lean:96:10: `mul_le_one₀` has been deprecated: No replacement, use constituent lemmas from proof.
info: ActualInnerDiskBound.lean:154:0: 'Zeta5InnerDisk.inner_disk_normalized_bound' depends on axioms: [propext, Classical.choice, Quot.sound]
info: ActualInnerDiskBound.lean:155:0: 'Zeta5InnerDisk.actual_disk_bound' depends on axioms: [propext, Classical.choice, Quot.sound]
⚠ [3340/3428] Replayed InnerNormalized
warning: InnerNormalized.lean:29:20: `if_neg` has been deprecated: Use `ite_eq_right` instead

Hint: Replace the deprecated name:
  i̵f̵_̵n̵e̵g̵i̲t̲e̲_̲e̲q̲_̲r̲i̲g̲h̲t̲
warning: InnerNormalized.lean:29:38: `if_pos` has been deprecated: Use `ite_eq_left` instead

Hint: Replace the deprecated name:
  i̵f̵_̵p̵o̵s̵i̲t̲e̲_̲e̲q̲_̲l̲e̲f̲t̲
info: InnerNormalized.lean:33:0: 'Zeta5InnerNormalized.inner_localExponent_bound_of_entries' depends on axioms: [propext, Classical.choice, Quot.sound]
info: InnerNormalized.lean:48:0: 'Zeta5InnerNormalized.actual_inner_localExponent_bound' depends on axioms: [propext, Classical.choice, Quot.sound]
⚠ [3341/3428] Replayed SmallPrimeQuotient
warning: SmallPrimeQuotient.lean:67:4: Unused tactic linter: `change _ = _` does nothing

Note: This linter can be disabled with `set_option linter.unusedTactic false`
info: SmallPrimeQuotient.lean:76:0: 'Zeta5Local.partialFraction_polynomial_norm' depends on axioms: [propext, Classical.choice, Quot.sound]
ℹ [3342/3428] Replayed SmallPrimeActual
info: SmallPrimeActual.lean:197:0: 'Zeta5Local.smallPrimeQuotient_norm' depends on axioms: [propext, Classical.choice, Quot.sound]
info: SmallPrimeActual.lean:198:0: 'Zeta5Local.smallPrimeTauPolynomial_coeff_norm' depends on axioms: [propext, Classical.choice, Quot.sound]
⚠ [3343/3428] Replayed SmallPrimePullback
warning: SmallPrimePullback.lean:34:47: `if_false` has been deprecated: Use `ite_false` instead

Hint: Replace the deprecated name:
  i̵f̵_̵f̵a̵l̵s̵e̵i̲t̲e̲_̲f̲a̲l̲s̲e̲
warning: SmallPrimePullback.lean:34:56: `if_true` has been deprecated: Use `ite_true` instead

Hint: Replace the deprecated name:
  i̵f̵_̵t̵r̵u̵e̵i̲t̲e̲_̲t̲r̲u̲e̲
warning: SmallPrimePullback.lean:33:13: This simp argument is unused:
  fullSignedIntegerRoot_tail

Hint: Omit it from the simp argument list.
  [apply] simp only [Fintype.sum_prod_type, Fintype.sum_bool, actualSignedIntegerRoot, Bool.false_eq_true, if_false,
    if_true, hidx]

Note: This linter can be disabled with `set_option linter.unusedSimpArgs false`
info: SmallPrimePullback.lean:100:0: 'Zeta5Local.fullPullback_value' depends on axioms: [propext, Classical.choice, Quot.sound]
info: SmallPrimePullback.lean:101:0: 'Zeta5Local.smallPrimeTauPolynomial_full_pullback' depends on axioms: [propext, Classical.choice, Quot.sound]
ℹ [3344/3428] Replayed SmallPrimeEntry
info: SmallPrimeEntry.lean:65:0: 'Zeta5Local.smallPrimeEntryNumerator_integerValued' depends on axioms: [propext, Classical.choice, Quot.sound]
info: SmallPrimeEntry.lean:66:0: 'Zeta5Local.smallPrime_entry_coeff_norm' depends on axioms: [propext, Classical.choice, Quot.sound]
⚠ [3345/3428] Replayed SmallPrimeBound
warning: SmallPrimeBound.lean:30:27: This simp argument is unused:
  RingHom.id_apply

Hint: Omit it from the simp argument list.
  [apply] simp only [smul_eq_C_mul] at hl

Note: This linter can be disabled with `set_option linter.unusedSimpArgs false`
warning: SmallPrimeBound.lean:58:75: Used `tac1 <;> tac2` where `(tac1; tac2)` would suffice

Note: This linter can be disabled with `set_option linter.unnecessarySeqFocus false`
warning: SmallPrimeBound.lean:58:89: Used `tac1 <;> tac2` where `(tac1; tac2)` would suffice

Note: This linter can be disabled with `set_option linter.unnecessarySeqFocus false`
warning: SmallPrimeBound.lean:63:21: Used `tac1 <;> tac2` where `(tac1; tac2)` would suffice

Note: This linter can be disabled with `set_option linter.unnecessarySeqFocus false`
warning: SmallPrimeBound.lean:63:35: Used `tac1 <;> tac2` where `(tac1; tac2)` would suffice

Note: This linter can be disabled with `set_option linter.unnecessarySeqFocus false`
warning: SmallPrimeBound.lean:63:49: Used `tac1 <;> tac2` where `(tac1; tac2)` would suffice

Note: This linter can be disabled with `set_option linter.unnecessarySeqFocus false`
warning: SmallPrimeBound.lean:76:20: `if_pos` has been deprecated: Use `ite_eq_left` instead

Hint: Replace the deprecated name:
  i̵f̵_̵p̵o̵s̵i̲t̲e̲_̲e̲q̲_̲l̲e̲f̲t̲
info: SmallPrimeBound.lean:85:0: 'Zeta5SmallPrimeDeterminant.smallPrimeMatrix_entry' depends on axioms: [propext, Classical.choice, Quot.sound]
info: SmallPrimeBound.lean:86:0: 'Zeta5SmallPrimeDeterminant.normalizedDeterminant_small_prime_bound' depends on axioms: [propext,
 Classical.choice,
 Quot.sound]
info: SmallPrimeBound.lean:87:0: 'Zeta5SmallPrimeDeterminant.actual_small_localExponent_bound' depends on axioms: [propext, Classical.choice, Quot.sound]
⚠ [3346/3428] Replayed IntegerPolynomial
warning: IntegerPolynomial.lean:37:4: Try this: 
  letI̵

The goal is a proposition, so `let` is preferred over `letI`.
The difference between `let` and `letI` is that `letI` inlines the value.
But this is not relevant for proofs because of proof irrelevance.

Note: This linter can be disabled with `set_option linter.style.haveILetI false`
warning: IntegerPolynomial.lean:40:4: Try this: 
  letI̵

The goal is a proposition, so `let` is preferred over `letI`.
The difference between `let` and `letI` is that `letI` inlines the value.
But this is not relevant for proofs because of proof irrelevance.

Note: This linter can be disabled with `set_option linter.style.haveILetI false`
info: IntegerPolynomial.lean:48:0: 'Zeta5Parameters.actual_localExponent_bound' depends on axioms: [propext, Classical.choice, Quot.sound]
info: IntegerPolynomial.lean:49:0: 'Zeta5Parameters.paperPolynomial_integer' depends on axioms: [propext, Classical.choice, Quot.sound]
info: IntegerPolynomial.lean:50:0: 'Zeta5Parameters.eventually_paperPolynomial_integer' depends on axioms: [propext, Classical.choice, Quot.sound]
⚠ [3508/3536] Replayed Andreief
warning: Andreief.lean:28:0: automatically included section variable(s) unused in theorem `Zeta5Andreief.det_mul_product_eq_sum`:
  [MeasurableSpace Ω]
consider restructuring your `variable` declarations so that the variables are not in scope or explicitly omit them:
  omit [MeasurableSpace Ω] in theorem ...

Note: This linter can be disabled with `set_option linter.unusedSectionVars false`
info: Andreief.lean:102:0: 'Zeta5Andreief.andreief' depends on axioms: [propext, Classical.choice, Quot.sound]
⚠ [3789/3832] Replayed Moments
warning: Moments.lean:25:33: this tactic is never executed

Note: This linter can be disabled with `set_option linter.unreachableTactic false`
warning: Moments.lean:25:33: Unused tactic linter: `ring` does nothing

Note: This linter can be disabled with `set_option linter.unusedTactic false`
warning: Moments.lean:76:19: this tactic is never executed

Note: This linter can be disabled with `set_option linter.unreachableTactic false`
warning: Moments.lean:76:19: Unused tactic linter: `ring` does nothing

Note: This linter can be disabled with `set_option linter.unusedTactic false`
warning: Moments.lean:177:8: `MeasureTheory.integrable_finset_sum` has been deprecated: Use `MeasureTheory.integrable_finsetSum` instead

Hint: Replace the deprecated name:
  integrable_finset_̵s̵S̲um
warning: Moments.lean:192:6: `MeasureTheory.integral_finset_sum` has been deprecated: Use `MeasureTheory.integral_finsetSum` instead

Hint: Replace the deprecated name:
  integral_finset_̵s̵S̲um
⚠ [3790/3832] Replayed PositiveIntegrals
warning: PositiveIntegrals.lean:13:8: `MeasureTheory.integrable_finset_sum` has been deprecated: Use `MeasureTheory.integrable_finsetSum` instead

Hint: Replace the deprecated name:
  integrable_finset_̵s̵S̲um
warning: PositiveIntegrals.lean:28:57: `Polynomial.eval₂_finset_prod` has been deprecated: Use `Polynomial.eval₂_finsetProd` instead

Hint: Replace the deprecated name:
  eval₂_finset_̵p̵P̲rod
warning: PositiveIntegrals.lean:91:2: Try this: intro h heq

Note: This linter can be disabled with `set_option linter.tacticAnalysis.introMerge false`
warning: PositiveIntegrals.lean:100:4: `Polynomial.finite_setOf_isRoot` has been deprecated: Use `Polynomial.finite_setOfPred_isRoot` instead

Hint: Replace the deprecated name:
  P̵o̵l̵y̵n̵o̵m̵i̵a̵l̵.̵f̵i̵n̵i̵t̵e̵_̵s̵e̵t̵O̵f̵_̵i̵s̵R̵o̵o̵t̵f̲i̲n̲i̲t̲e̲_̲s̲e̲t̲O̲f̲P̲r̲e̲d̲_̲i̲s̲R̲o̲o̲t̲
warning: PositiveIntegrals.lean:120:35: `Set.setOf_true` has been deprecated: Use `Set.ofPred_true` instead

Hint: Replace the deprecated name:
  s̵e̵t̵O̵f̵_̵t̵r̵u̵e̵o̲f̲P̲r̲e̲d̲_̲t̲r̲u̲e̲
warning: PositiveIntegrals.lean:120:4: `simp` already closes the goal

Hint: Use `simp` instead of `simpa`:
  [apply] simp only [not_false_eq_true, setOf_true, Measure.restrict_apply_univ, Real.volume_Ioi,
    ENNReal.top_ne_zero] at hn

Note: This linter can be disabled with `set_option linter.unnecessarySimpa false`
⚠ [3856/3878] Replayed PoleKernel
warning: PoleKernel.lean:15:47: This simp argument is unused:
  zero_mul

Hint: Omit it from the simp argument list.
  [apply] simp only [Complex.add_im, one_div, Complex.inv_im, Complex.normSq_apply, Complex.sub_re, Complex.mul_re,
    Complex.ofReal_re, Complex.I_re, Complex.ofReal_im, Complex.I_im, mul_zero, sub_self, Complex.sub_im,
    Complex.mul_im, mul_one, zero_add, sub_zero, Complex.add_re, Complex.add_im, add_zero, zero_sub]

Note: This linter can be disabled with `set_option linter.unusedSimpArgs false`
warning: PoleKernel.lean:42:54: This simp argument is unused:
  sub_zero

Hint: Omit it from the simp argument list.
  [apply] simp only [Complex.div_im, Complex.add_im, Complex.ofReal_im, Complex.one_im, add_zero, Complex.mul_re,
    Complex.I_re, Complex.sub_re, Complex.one_re, Complex.ofReal_re, zero_mul, Complex.I_im, Complex.sub_im, sub_self,
    mul_zero, Complex.add_re, Complex.mul_im, mul_one, one_mul, zero_add, Complex.normSq_apply]

Note: This linter can be disabled with `set_option linter.unusedSimpArgs false`
warning: PoleKernel.lean:43:36: This simp argument is unused:
  mul_one

Hint: Omit it from the simp argument list.
  [apply] simp only [Complex.div_im, Complex.add_im, Complex.ofReal_im, Complex.one_im, add_zero, Complex.mul_re,
    Complex.I_re, Complex.sub_re, Complex.one_re, Complex.ofReal_re, zero_mul, Complex.I_im, Complex.sub_im, sub_self,
    mul_zero, sub_zero, Complex.add_re, Complex.mul_im, one_mul, zero_add, Complex.normSq_apply]

Note: This linter can be disabled with `set_option linter.unusedSimpArgs false`
warning: PoleKernel.lean:50:4: Used `tac1 <;> tac2` where `(tac1; tac2)` would suffice

Note: This linter can be disabled with `set_option linter.unnecessarySeqFocus false`
warning: PoleKernel.lean:122:6: Unused tactic linter: `ring` does nothing

Note: This linter can be disabled with `set_option linter.unusedTactic false`
warning: PoleKernel.lean:122:6: this tactic is never executed

Note: This linter can be disabled with `set_option linter.unreachableTactic false`
info: PoleKernel.lean:124:0: 'Zeta5Kernel.bose_kernel' depends on axioms: [propext, Classical.choice, Quot.sound]
⚠ [3857/3878] Replayed PoleIntegral
warning: PoleIntegral.lean:57:21: this tactic is never executed

Note: This linter can be disabled with `set_option linter.unreachableTactic false`
warning: PoleIntegral.lean:56:6: Unused tactic linter: `push_cast` does nothing

Note: This linter can be disabled with `set_option linter.unusedTactic false`
warning: PoleIntegral.lean:57:21: Unused tactic linter: `ring` does nothing

Note: This linter can be disabled with `set_option linter.unusedTactic false`
warning: PoleIntegral.lean:109:17: this tactic is never executed

Note: This linter can be disabled with `set_option linter.unreachableTactic false`
warning: PoleIntegral.lean:109:17: Unused tactic linter: `ring` does nothing

Note: This linter can be disabled with `set_option linter.unusedTactic false`
warning: PoleIntegral.lean:119:17: this tactic is never executed

Note: This linter can be disabled with `set_option linter.unreachableTactic false`
warning: PoleIntegral.lean:119:17: Unused tactic linter: `ring` does nothing

Note: This linter can be disabled with `set_option linter.unusedTactic false`
warning: PoleIntegral.lean:202:41: This simp argument is unused:
  one_div

Hint: Omit it from the simp argument list.
  [apply] simp only [boseTerm, div_eq_mul_inv, tsum_mul_left, one_mul]

Note: This linter can be disabled with `set_option linter.unusedSimpArgs false`
warning: PoleIntegral.lean:205:13: Used `tac1 <;> tac2` where `(tac1; tac2)` would suffice

Note: This linter can be disabled with `set_option linter.unnecessarySeqFocus false`
warning: PoleIntegral.lean:253:17: Used `tac1 <;> tac2` where `(tac1; tac2)` would suffice

Note: This linter can be disabled with `set_option linter.unnecessarySeqFocus false`
warning: PoleIntegral.lean:263:13: Used `tac1 <;> tac2` where `(tac1; tac2)` would suffice

Note: This linter can be disabled with `set_option linter.unnecessarySeqFocus false`
info: PoleIntegral.lean:295:0: 'Zeta5Construction.paper_poleFunctional_eq_integral' depends on axioms: [propext, Classical.choice, Quot.sound]
ℹ [3858/3878] Replayed ConstructionPartialFractions
info: ConstructionPartialFractions.lean:43:0: 'Zeta5Construction.construction_partial_fraction_at_square' depends on axioms: [propext, Classical.choice, Quot.sound]
⚠ [3860/3878] Replayed MatrixIntegral
warning: MatrixIntegral.lean:75:33: `Polynomial.eval₂_finset_sum` has been deprecated: Use `Polynomial.eval₂_finsetSum` instead

Hint: Replace the deprecated name:
  eval₂_finset_̵s̵S̲um
warning: MatrixIntegral.lean:97:17: this tactic is never executed

Note: This linter can be disabled with `set_option linter.unreachableTactic false`
warning: MatrixIntegral.lean:97:17: Unused tactic linter: `ring` does nothing

Note: This linter can be disabled with `set_option linter.unusedTactic false`
info: MatrixIntegral.lean:184:0: 'Zeta5Construction.determinant_eval_pos' depends on axioms: [propext, Classical.choice, Quot.sound]
ℹ [3861/3878] Replayed GramIntegral
info: GramIntegral.lean:118:0: 'Zeta5Construction.determinant_eq_gramIntegral' depends on axioms: [propext, Classical.choice, Quot.sound]
⚠ [3862/3878] Replayed RealNormalization
warning: RealNormalization.lean:14:20: Used `tac1 <;> tac2` where `(tac1; tac2)` would suffice

Note: This linter can be disabled with `set_option linter.unnecessarySeqFocus false`
warning: RealNormalization.lean:14:35: Used `tac1 <;> tac2` where `(tac1; tac2)` would suffice

Note: This linter can be disabled with `set_option linter.unnecessarySeqFocus false`
warning: RealNormalization.lean:21:58: Used `tac1 <;> tac2` where `(tac1; tac2)` would suffice

Note: This linter can be disabled with `set_option linter.unnecessarySeqFocus false`
warning: RealNormalization.lean:126:71: Used `tac1 <;> tac2` where `(tac1; tac2)` would suffice

Note: This linter can be disabled with `set_option linter.unnecessarySeqFocus false`
info: RealNormalization.lean:199:0: 'Zeta5Construction.log_normalizingScalar_upper_ratios' depends on axioms: [propext, Classical.choice, Quot.sound]
info: RealNormalization.lean:200:0: 'Zeta5Construction.log_normalizedDeterminant_upper' depends on axioms: [propext, Classical.choice, Quot.sound]
ℹ [3864/3878] Replayed ResidualIntegral
info: ResidualIntegral.lean:64:0: 'Zeta5Construction.residualProduct_integral' depends on axioms: [propext, Classical.choice, Quot.sound]
ℹ [3869/3902] Replayed GramScaling
info: GramScaling.lean:231:0: 'Zeta5Construction.determinant_eq_scaledGramIntegral' depends on axioms: [propext, Classical.choice, Quot.sound]
ℹ [3870/3902] Replayed DenominatorRiemann
info: DenominatorRiemann.lean:130:0: 'Zeta5Construction.denominator_riemann_error' depends on axioms: [propext, Classical.choice, Quot.sound]
ℹ [3871/3902] Replayed ExternalField
info: ExternalField.lean:82:0: 'Zeta5Construction.externalField_eq_explicit' depends on axioms: [propext, Classical.choice, Quot.sound]
info: ExternalField.lean:83:0: 'Zeta5Construction.externalField_lower' depends on axioms: [propext, Classical.choice, Quot.sound]
ℹ [3872/3902] Replayed WeightBounds
info: WeightBounds.lean:98:0: 'Zeta5Construction.integralWeight_upper' depends on axioms: [propext, Classical.choice, Quot.sound]
ℹ [3873/3902] Replayed ScaledWeightBounds
info: ScaledWeightBounds.lean:114:0: 'Zeta5Construction.scaledGramWeight_upper' depends on axioms: [propext, Classical.choice, Quot.sound]
ℹ [3874/3902] Replayed GramUpperBound
info: GramUpperBound.lean:148:0: 'Zeta5Construction.log_determinant_upper_of_energy' depends on axioms: [propext, Classical.choice, Quot.sound]
info: GramUpperBound.lean:149:0: 'Zeta5Construction.log_normalizedDeterminant_upper_of_energy' depends on axioms: [propext, Classical.choice, Quot.sound]
ℹ [3876/3902] Replayed RealDeterminantAsymptotic
info: RealDeterminantAsymptotic.lean:59:0: 'Zeta5Construction.eventually_normalizedDeterminant_log_upper_of_energy' depends on axioms: [propext,
 Classical.choice,
 Quot.sound]
⚠ [3896/3902] Replayed LeanCert.Core.IntervalRat.LogReduction
warning: LeanCert/Core/IntervalRat/LogReduction.lean:8:0: 'Mathlib.Data.Real.Basic' has been deprecated: please replace this import by

import Mathlib.Basic.Real.Basic
⚠ [3916/3978] Replayed LeanCert.Core.IntervalRat.Taylor
warning: LeanCert/Core/IntervalRat/Taylor.lean:772:41: `if_neg` has been deprecated: Use `ite_eq_right` instead

Hint: Replace the deprecated name:
  i̵f̵_̵n̵e̵g̵i̲t̲e̲_̲e̲q̲_̲r̲i̲g̲h̲t̲
warning: LeanCert/Core/IntervalRat/Taylor.lean:775:31: `if_pos` has been deprecated: Use `ite_eq_left` instead

Hint: Replace the deprecated name:
  i̵f̵_̵p̵o̵s̵i̲t̲e̲_̲e̲q̲_̲l̲e̲f̲t̲
warning: LeanCert/Core/IntervalRat/Taylor.lean:783:31: `if_neg` has been deprecated: Use `ite_eq_right` instead

Hint: Replace the deprecated name:
  i̵f̵_̵n̵e̵g̵i̲t̲e̲_̲e̲q̲_̲r̲i̲g̲h̲t̲
warning: LeanCert/Core/IntervalRat/Taylor.lean:787:19: `if_pos` has been deprecated: Use `ite_eq_left` instead

Hint: Replace the deprecated name:
  i̵f̵_̵p̵o̵s̵i̲t̲e̲_̲e̲q̲_̲l̲e̲f̲t̲
warning: LeanCert/Core/IntervalRat/Taylor.lean:866:40: `if_pos` has been deprecated: Use `ite_eq_left` instead

Hint: Replace the deprecated name:
  i̵f̵_̵p̵o̵s̵i̲t̲e̲_̲e̲q̲_̲l̲e̲f̲t̲
warning: LeanCert/Core/IntervalRat/Taylor.lean:874:31: `if_neg` has been deprecated: Use `ite_eq_right` instead

Hint: Replace the deprecated name:
  i̵f̵_̵n̵e̵g̵i̲t̲e̲_̲e̲q̲_̲r̲i̲g̲h̲t̲
warning: LeanCert/Core/IntervalRat/Taylor.lean:878:19: `if_pos` has been deprecated: Use `ite_eq_left` instead

Hint: Replace the deprecated name:
  i̵f̵_̵p̵o̵s̵i̲t̲e̲_̲e̲q̲_̲l̲e̲f̲t̲
warning: LeanCert/Core/IntervalRat/Taylor.lean:886:19: `if_neg` has been deprecated: Use `ite_eq_right` instead

Hint: Replace the deprecated name:
  i̵f̵_̵n̵e̵g̵i̲t̲e̲_̲e̲q̲_̲r̲i̲g̲h̲t̲
⚠ [3929/3978] Replayed LeanCert.Engine.AD.Correctness
warning: LeanCert/Engine/AD/Correctness.lean:140:59: `if_neg` has been deprecated: Use `ite_eq_right` instead

Hint: Replace the deprecated name:
  i̵f̵_̵n̵e̵g̵i̲t̲e̲_̲e̲q̲_̲r̲i̲g̲h̲t̲
warning: LeanCert/Engine/AD/Correctness.lean:379:8: `if_neg` has been deprecated: Use `ite_eq_right` instead

Hint: Replace the deprecated name:
  i̵f̵_̵n̵e̵g̵i̲t̲e̲_̲e̲q̲_̲r̲i̲g̲h̲t̲
⚠ [3934/3978] Replayed LeanCert.Core.Dyadic
warning: LeanCert/Core/Dyadic.lean:8:0: 'Mathlib.Data.Real.Basic' has been deprecated: please replace this import by

import Mathlib.Basic.Real.Basic
warning: LeanCert/Core/Dyadic.lean:325:15: `if_pos` has been deprecated: Use `ite_eq_left` instead

Hint: Replace the deprecated name:
  i̵f̵_̵p̵o̵s̵i̲t̲e̲_̲e̲q̲_̲l̲e̲f̲t̲
warning: LeanCert/Core/Dyadic.lean:326:15: `if_neg` has been deprecated: Use `ite_eq_right` instead

Hint: Replace the deprecated name:
  i̵f̵_̵n̵e̵g̵i̲t̲e̲_̲e̲q̲_̲r̲i̲g̲h̲t̲
⚠ [3940/3978] Replayed LeanCert.Engine.TaylorModel.Core
warning: LeanCert/Engine/TaylorModel/Core.lean:393:8: `if_pos` has been deprecated: Use `ite_eq_left` instead

Hint: Replace the deprecated name:
  i̵f̵_̵p̵o̵s̵i̲t̲e̲_̲e̲q̲_̲l̲e̲f̲t̲
warning: LeanCert/Engine/TaylorModel/Core.lean:509:8: `if_pos` has been deprecated: Use `ite_eq_left` instead

Hint: Replace the deprecated name:
  i̵f̵_̵p̵o̵s̵i̲t̲e̲_̲e̲q̲_̲l̲e̲f̲t̲
warning: LeanCert/Engine/TaylorModel/Core.lean:884:22: `Set.mem_setOf_eq` has been deprecated: Use `Set.mem_ofPred_eq` instead

Hint: Replace the deprecated name:
  S̵e̵t̵.̵m̵e̵m̵_̵s̵e̵t̵O̵f̵_̵e̵q̵S̲e̲t̲.̲m̲e̲m̲_̲o̲f̲P̲r̲e̲d̲_̲e̲q̲
warning: LeanCert/Engine/TaylorModel/Core.lean:1058:34: `Set.mem_setOf_eq` has been deprecated: Use `Set.mem_ofPred_eq` instead

Hint: Replace the deprecated name:
  S̵e̵t̵.̵m̵e̵m̵_̵s̵e̵t̵O̵f̵_̵e̵q̵S̲e̲t̲.̲m̲e̲m̲_̲o̲f̲P̲r̲e̲d̲_̲e̲q̲
warning: LeanCert/Engine/TaylorModel/Core.lean:1079:34: `Set.mem_setOf_eq` has been deprecated: Use `Set.mem_ofPred_eq` instead

Hint: Replace the deprecated name:
  S̵e̵t̵.̵m̵e̵m̵_̵s̵e̵t̵O̵f̵_̵e̵q̵S̲e̲t̲.̲m̲e̲m̲_̲o̲f̲P̲r̲e̲d̲_̲e̲q̲
warning: LeanCert/Engine/TaylorModel/Core.lean:1088:34: `Set.mem_setOf_eq` has been deprecated: Use `Set.mem_ofPred_eq` instead

Hint: Replace the deprecated name:
  S̵e̵t̵.̵m̵e̵m̵_̵s̵e̵t̵O̵f̵_̵e̵q̵S̲e̲t̲.̲m̲e̲m̲_̲o̲f̲P̲r̲e̲d̲_̲e̲q̲
warning: LeanCert/Engine/TaylorModel/Core.lean:1097:34: `Set.mem_setOf_eq` has been deprecated: Use `Set.mem_ofPred_eq` instead

Hint: Replace the deprecated name:
  S̵e̵t̵.̵m̵e̵m̵_̵s̵e̵t̵O̵f̵_̵e̵q̵S̲e̲t̲.̲m̲e̲m̲_̲o̲f̲P̲r̲e̲d̲_̲e̲q̲
warning: LeanCert/Engine/TaylorModel/Core.lean:1106:22: `Set.mem_setOf_eq` has been deprecated: Use `Set.mem_ofPred_eq` instead

Hint: Replace the deprecated name:
  S̵e̵t̵.̵m̵e̵m̵_̵s̵e̵t̵O̵f̵_̵e̵q̵S̲e̲t̲.̲m̲e̲m̲_̲o̲f̲P̲r̲e̲d̲_̲e̲q̲
warning: LeanCert/Engine/TaylorModel/Core.lean:1114:22: `Set.mem_setOf_eq` has been deprecated: Use `Set.mem_ofPred_eq` instead

Hint: Replace the deprecated name:
  S̵e̵t̵.̵m̵e̵m̵_̵s̵e̵t̵O̵f̵_̵e̵q̵S̲e̲t̲.̲m̲e̲m̲_̲o̲f̲P̲r̲e̲d̲_̲e̲q̲
warning: LeanCert/Engine/TaylorModel/Core.lean:1281:34: `Set.mem_setOf_eq` has been deprecated: Use `Set.mem_ofPred_eq` instead

Hint: Replace the deprecated name:
  S̵e̵t̵.̵m̵e̵m̵_̵s̵e̵t̵O̵f̵_̵e̵q̵S̲e̲t̲.̲m̲e̲m̲_̲o̲f̲P̲r̲e̲d̲_̲e̲q̲
warning: LeanCert/Engine/TaylorModel/Core.lean:1376:34: `Set.mem_setOf_eq` has been deprecated: Use `Set.mem_ofPred_eq` instead

Hint: Replace the deprecated name:
  S̵e̵t̵.̵m̵e̵m̵_̵s̵e̵t̵O̵f̵_̵e̵q̵S̲e̲t̲.̲m̲e̲m̲_̲o̲f̲P̲r̲e̲d̲_̲e̲q̲
⚠ [3942/3978] Replayed LeanCert.Engine.TaylorModel.Trig
warning: LeanCert/Engine/TaylorModel/Trig.lean:334:29: `Set.mem_setOf_eq` has been deprecated: Use `Set.mem_ofPred_eq` instead

Hint: Replace the deprecated name:
  S̵e̵t̵.̵m̵e̵m̵_̵s̵e̵t̵O̵f̵_̵e̵q̵S̲e̲t̲.̲m̲e̲m̲_̲o̲f̲P̲r̲e̲d̲_̲e̲q̲
warning: LeanCert/Engine/TaylorModel/Trig.lean:394:29: `Set.mem_setOf_eq` has been deprecated: Use `Set.mem_ofPred_eq` instead

Hint: Replace the deprecated name:
  S̵e̵t̵.̵m̵e̵m̵_̵s̵e̵t̵O̵f̵_̵e̵q̵S̲e̲t̲.̲m̲e̲m̲_̲o̲f̲P̲r̲e̲d̲_̲e̲q̲
warning: LeanCert/Engine/TaylorModel/Trig.lean:640:30: `Set.mem_setOf_eq` has been deprecated: Use `Set.mem_ofPred_eq` instead

Hint: Replace the deprecated name:
  S̵e̵t̵.̵m̵e̵m̵_̵s̵e̵t̵O̵f̵_̵e̵q̵S̲e̲t̲.̲m̲e̲m̲_̲o̲f̲P̲r̲e̲d̲_̲e̲q̲
⚠ [3943/3978] Replayed LeanCert.Engine.TaylorModel.ExpLog
warning: LeanCert/Engine/TaylorModel/ExpLog.lean:228:29: `Set.mem_setOf_eq` has been deprecated: Use `Set.mem_ofPred_eq` instead

Hint: Replace the deprecated name:
  S̵e̵t̵.̵m̵e̵m̵_̵s̵e̵t̵O̵f̵_̵e̵q̵S̲e̲t̲.̲m̲e̲m̲_̲o̲f̲P̲r̲e̲d̲_̲e̲q̲
warning: LeanCert/Engine/TaylorModel/ExpLog.lean:496:22: `Set.mem_setOf_eq` has been deprecated: Use `Set.mem_ofPred_eq` instead

Hint: Replace the deprecated name:
  S̵e̵t̵.̵m̵e̵m̵_̵s̵e̵t̵O̵f̵_̵e̵q̵S̲e̲t̲.̲m̲e̲m̲_̲o̲f̲P̲r̲e̲d̲_̲e̲q̲
⚠ [3954/3978] Replayed LeanCert.Engine.TaylorModel.Hyperbolic
warning: LeanCert/Engine/TaylorModel/Hyperbolic.lean:472:25: This simp argument is unused:
  List.get_eq_getElem

Hint: Omit it from the simp argument list.
  [apply] simp [twosComposition]

Note: This linter can be disabled with `set_option linter.unusedSimpArgs false`
warning: LeanCert/Engine/TaylorModel/Hyperbolic.lean:512:8: `if_pos` has been deprecated: Use `ite_eq_left` instead

Hint: Replace the deprecated name:
  i̵f̵_̵p̵o̵s̵i̲t̲e̲_̲e̲q̲_̲l̲e̲f̲t̲
warning: LeanCert/Engine/TaylorModel/Hyperbolic.lean:515:41: `if_pos` has been deprecated: Use `ite_eq_left` instead

Hint: Replace the deprecated name:
  i̵f̵_̵p̵o̵s̵i̲t̲e̲_̲e̲q̲_̲l̲e̲f̲t̲
warning: LeanCert/Engine/TaylorModel/Hyperbolic.lean:516:8: `if_neg` has been deprecated: Use `ite_eq_right` instead

Hint: Replace the deprecated name:
  i̵f̵_̵n̵e̵g̵i̲t̲e̲_̲e̲q̲_̲r̲i̲g̲h̲t̲
warning: LeanCert/Engine/TaylorModel/Hyperbolic.lean:520:41: `if_neg` has been deprecated: Use `ite_eq_right` instead

Hint: Replace the deprecated name:
  i̵f̵_̵n̵e̵g̵i̲t̲e̲_̲e̲q̲_̲r̲i̲g̲h̲t̲
warning: LeanCert/Engine/TaylorModel/Hyperbolic.lean:538:8: `if_neg` has been deprecated: Use `ite_eq_right` instead

Hint: Replace the deprecated name:
  i̵f̵_̵n̵e̵g̵i̲t̲e̲_̲e̲q̲_̲r̲i̲g̲h̲t̲
warning: LeanCert/Engine/TaylorModel/Hyperbolic.lean:546:8: `if_neg` has been deprecated: Use `ite_eq_right` instead

Hint: Replace the deprecated name:
  i̵f̵_̵n̵e̵g̵i̲t̲e̲_̲e̲q̲_̲r̲i̲g̲h̲t̲
warning: LeanCert/Engine/TaylorModel/Hyperbolic.lean:549:8: `if_pos` has been deprecated: Use `ite_eq_left` instead

Hint: Replace the deprecated name:
  i̵f̵_̵p̵o̵s̵i̲t̲e̲_̲e̲q̲_̲l̲e̲f̲t̲
warning: LeanCert/Engine/TaylorModel/Hyperbolic.lean:562:12: `if_pos` has been deprecated: Use `ite_eq_left` instead

Hint: Replace the deprecated name:
  i̵f̵_̵p̵o̵s̵i̲t̲e̲_̲e̲q̲_̲l̲e̲f̲t̲
warning: LeanCert/Engine/TaylorModel/Hyperbolic.lean:562:25: `if_pos` has been deprecated: Use `ite_eq_left` instead

Hint: Replace the deprecated name:
  i̵f̵_̵p̵o̵s̵i̲t̲e̲_̲e̲q̲_̲l̲e̲f̲t̲
warning: LeanCert/Engine/TaylorModel/Hyperbolic.lean:567:12: `if_neg` has been deprecated: Use `ite_eq_right` instead

Hint: Replace the deprecated name:
  i̵f̵_̵n̵e̵g̵i̲t̲e̲_̲e̲q̲_̲r̲i̲g̲h̲t̲
warning: LeanCert/Engine/TaylorModel/Hyperbolic.lean:567:25: `if_neg` has been deprecated: Use `ite_eq_right` instead

Hint: Replace the deprecated name:
  i̵f̵_̵n̵e̵g̵i̲t̲e̲_̲e̲q̲_̲r̲i̲g̲h̲t̲
warning: LeanCert/Engine/TaylorModel/Hyperbolic.lean:574:10: `if_pos` has been deprecated: Use `ite_eq_left` instead

Hint: Replace the deprecated name:
  i̵f̵_̵p̵o̵s̵i̲t̲e̲_̲e̲q̲_̲l̲e̲f̲t̲
warning: LeanCert/Engine/TaylorModel/Hyperbolic.lean:580:12: `if_neg` has been deprecated: Use `ite_eq_right` instead

Hint: Replace the deprecated name:
  i̵f̵_̵n̵e̵g̵i̲t̲e̲_̲e̲q̲_̲r̲i̲g̲h̲t̲
warning: LeanCert/Engine/TaylorModel/Hyperbolic.lean:892:31: `Set.mem_setOf_eq` has been deprecated: Use `Set.mem_ofPred_eq` instead

Hint: Replace the deprecated name:
  S̵e̵t̵.̵m̵e̵m̵_̵s̵e̵t̵O̵f̵_̵e̵q̵S̲e̲t̲.̲m̲e̲m̲_̲o̲f̲P̲r̲e̲d̲_̲e̲q̲
warning: LeanCert/Engine/TaylorModel/Hyperbolic.lean:971:30: `Set.mem_setOf_eq` has been deprecated: Use `Set.mem_ofPred_eq` instead

Hint: Replace the deprecated name:
  S̵e̵t̵.̵m̵e̵m̵_̵s̵e̵t̵O̵f̵_̵e̵q̵S̲e̲t̲.̲m̲e̲m̲_̲o̲f̲P̲r̲e̲d̲_̲e̲q̲
warning: LeanCert/Engine/TaylorModel/Hyperbolic.lean:1052:30: `Set.mem_setOf_eq` has been deprecated: Use `Set.mem_ofPred_eq` instead

Hint: Replace the deprecated name:
  S̵e̵t̵.̵m̵e̵m̵_̵s̵e̵t̵O̵f̵_̵e̵q̵S̲e̲t̲.̲m̲e̲m̲_̲o̲f̲P̲r̲e̲d̲_̲e̲q̲
warning: LeanCert/Engine/TaylorModel/Hyperbolic.lean:1232:31: `Set.mem_setOf_eq` has been deprecated: Use `Set.mem_ofPred_eq` instead

Hint: Replace the deprecated name:
  S̵e̵t̵.̵m̵e̵m̵_̵s̵e̵t̵O̵f̵_̵e̵q̵S̲e̲t̲.̲m̲e̲m̲_̲o̲f̲P̲r̲e̲d̲_̲e̲q̲
⚠ [3959/3978] Replayed LeanCert.Engine.Affine.Nonlinear
warning: LeanCert/Engine/Affine/Nonlinear.lean:247:18: `dif_pos` has been deprecated: Use `dite_eq_left` instead

Hint: Replace the deprecated name:
  d̵i̵f̵_̵p̵o̵s̵d̲i̲t̲e̲_̲e̲q̲_̲l̲e̲f̲t̲
⚠ [3960/3978] Replayed LeanCert.Engine.Affine.Transcendental
warning: LeanCert/Engine/Affine/Transcendental.lean:397:18: `dif_pos` has been deprecated: Use `dite_eq_left` instead

Hint: Replace the deprecated name:
  d̵i̵f̵_̵p̵o̵s̵d̲i̲t̲e̲_̲e̲q̲_̲l̲e̲f̲t̲
⚠ [3963/4055] Replayed LeanCert.Engine.AD.DomainChecked
warning: LeanCert/Engine/AD/DomainChecked.lean:243:57: `if_neg` has been deprecated: Use `ite_eq_right` instead

Hint: Replace the deprecated name:
  i̵f̵_̵n̵e̵g̵i̲t̲e̲_̲e̲q̲_̲r̲i̲g̲h̲t̲
⚠ [3964/4055] Replayed LeanCert.Engine.AD.Dyadic
warning: LeanCert/Engine/AD/Dyadic.lean:378:66: `if_neg` has been deprecated: Use `ite_eq_right` instead

Hint: Replace the deprecated name:
  i̵f̵_̵n̵e̵g̵i̲t̲e̲_̲e̲q̲_̲r̲i̲g̲h̲t̲
⚠ [3970/4055] Replayed LeanCert.Engine.TaylorModel.Expr
warning: LeanCert/Engine/TaylorModel/Expr.lean:520:34: `Set.mem_setOf_eq` has been deprecated: Use `Set.mem_ofPred_eq` instead

Hint: Replace the deprecated name:
  S̵e̵t̵.̵m̵e̵m̵_̵s̵e̵t̵O̵f̵_̵e̵q̵S̲e̲t̲.̲m̲e̲m̲_̲o̲f̲P̲r̲e̲d̲_̲e̲q̲
warning: LeanCert/Engine/TaylorModel/Expr.lean:526:34: `Set.mem_setOf_eq` has been deprecated: Use `Set.mem_ofPred_eq` instead

Hint: Replace the deprecated name:
  S̵e̵t̵.̵m̵e̵m̵_̵s̵e̵t̵O̵f̵_̵e̵q̵S̲e̲t̲.̲m̲e̲m̲_̲o̲f̲P̲r̲e̲d̲_̲e̲q̲
warning: LeanCert/Engine/TaylorModel/Expr.lean:552:34: `Set.mem_setOf_eq` has been deprecated: Use `Set.mem_ofPred_eq` instead

Hint: Replace the deprecated name:
  S̵e̵t̵.̵m̵e̵m̵_̵s̵e̵t̵O̵f̵_̵e̵q̵S̲e̲t̲.̲m̲e̲m̲_̲o̲f̲P̲r̲e̲d̲_̲e̲q̲
warning: LeanCert/Engine/TaylorModel/Expr.lean:565:27: `Set.mem_setOf_eq` has been deprecated: Use `Set.mem_ofPred_eq` instead

Hint: Replace the deprecated name:
  S̵e̵t̵.̵m̵e̵m̵_̵s̵e̵t̵O̵f̵_̵e̵q̵S̲e̲t̲.̲m̲e̲m̲_̲o̲f̲P̲r̲e̲d̲_̲e̲q̲
warning: LeanCert/Engine/TaylorModel/Expr.lean:583:27: `Set.mem_setOf_eq` has been deprecated: Use `Set.mem_ofPred_eq` instead

Hint: Replace the deprecated name:
  S̵e̵t̵.̵m̵e̵m̵_̵s̵e̵t̵O̵f̵_̵e̵q̵S̲e̲t̲.̲m̲e̲m̲_̲o̲f̲P̲r̲e̲d̲_̲e̲q̲
warning: LeanCert/Engine/TaylorModel/Expr.lean:600:27: `Set.mem_setOf_eq` has been deprecated: Use `Set.mem_ofPred_eq` instead

Hint: Replace the deprecated name:
  S̵e̵t̵.̵m̵e̵m̵_̵s̵e̵t̵O̵f̵_̵e̵q̵S̲e̲t̲.̲m̲e̲m̲_̲o̲f̲P̲r̲e̲d̲_̲e̲q̲
warning: LeanCert/Engine/TaylorModel/Expr.lean:617:28: `Set.mem_setOf_eq` has been deprecated: Use `Set.mem_ofPred_eq` instead

Hint: Replace the deprecated name:
  S̵e̵t̵.̵m̵e̵m̵_̵s̵e̵t̵O̵f̵_̵e̵q̵S̲e̲t̲.̲m̲e̲m̲_̲o̲f̲P̲r̲e̲d̲_̲e̲q̲
warning: LeanCert/Engine/TaylorModel/Expr.lean:634:28: `Set.mem_setOf_eq` has been deprecated: Use `Set.mem_ofPred_eq` instead

Hint: Replace the deprecated name:
  S̵e̵t̵.̵m̵e̵m̵_̵s̵e̵t̵O̵f̵_̵e̵q̵S̲e̲t̲.̲m̲e̲m̲_̲o̲f̲P̲r̲e̲d̲_̲e̲q̲
warning: LeanCert/Engine/TaylorModel/Expr.lean:651:29: `Set.mem_setOf_eq` has been deprecated: Use `Set.mem_ofPred_eq` instead

Hint: Replace the deprecated name:
  S̵e̵t̵.̵m̵e̵m̵_̵s̵e̵t̵O̵f̵_̵e̵q̵S̲e̲t̲.̲m̲e̲m̲_̲o̲f̲P̲r̲e̲d̲_̲e̲q̲
warning: LeanCert/Engine/TaylorModel/Expr.lean:668:28: `Set.mem_setOf_eq` has been deprecated: Use `Set.mem_ofPred_eq` instead

Hint: Replace the deprecated name:
  S̵e̵t̵.̵m̵e̵m̵_̵s̵e̵t̵O̵f̵_̵e̵q̵S̲e̲t̲.̲m̲e̲m̲_̲o̲f̲P̲r̲e̲d̲_̲e̲q̲
warning: LeanCert/Engine/TaylorModel/Expr.lean:717:28: `Set.mem_setOf_eq` has been deprecated: Use `Set.mem_ofPred_eq` instead

Hint: Replace the deprecated name:
  S̵e̵t̵.̵m̵e̵m̵_̵s̵e̵t̵O̵f̵_̵e̵q̵S̲e̲t̲.̲m̲e̲m̲_̲o̲f̲P̲r̲e̲d̲_̲e̲q̲
warning: LeanCert/Engine/TaylorModel/Expr.lean:767:24: `Set.mem_setOf_eq` has been deprecated: Use `Set.mem_ofPred_eq` instead

Hint: Replace the deprecated name:
  S̵e̵t̵.̵m̵e̵m̵_̵s̵e̵t̵O̵f̵_̵e̵q̵S̲e̲t̲.̲m̲e̲m̲_̲o̲f̲P̲r̲e̲d̲_̲e̲q̲
warning: LeanCert/Engine/TaylorModel/Expr.lean:1058:42: `Set.mem_setOf_eq` has been deprecated: Use `Set.mem_ofPred_eq` instead

Hint: Replace the deprecated name:
  S̵e̵t̵.̵m̵e̵m̵_̵s̵e̵t̵O̵f̵_̵e̵q̵S̲e̲t̲.̲m̲e̲m̲_̲o̲f̲P̲r̲e̲d̲_̲e̲q̲
warning: LeanCert/Engine/TaylorModel/Expr.lean:1093:40: `Set.mem_setOf_eq` has been deprecated: Use `Set.mem_ofPred_eq` instead

Hint: Replace the deprecated name:
  S̵e̵t̵.̵m̵e̵m̵_̵s̵e̵t̵O̵f̵_̵e̵q̵S̲e̲t̲.̲m̲e̲m̲_̲o̲f̲P̲r̲e̲d̲_̲e̲q̲
warning: LeanCert/Engine/TaylorModel/Expr.lean:1150:40: `Set.mem_setOf_eq` has been deprecated: Use `Set.mem_ofPred_eq` instead

Hint: Replace the deprecated name:
  S̵e̵t̵.̵m̵e̵m̵_̵s̵e̵t̵O̵f̵_̵e̵q̵S̲e̲t̲.̲m̲e̲m̲_̲o̲f̲P̲r̲e̲d̲_̲e̲q̲
warning: LeanCert/Engine/TaylorModel/Expr.lean:1202:40: `Set.mem_setOf_eq` has been deprecated: Use `Set.mem_ofPred_eq` instead

Hint: Replace the deprecated name:
  S̵e̵t̵.̵m̵e̵m̵_̵s̵e̵t̵O̵f̵_̵e̵q̵S̲e̲t̲.̲m̲e̲m̲_̲o̲f̲P̲r̲e̲d̲_̲e̲q̲
warning: LeanCert/Engine/TaylorModel/Expr.lean:1211:60: `Set.mem_setOf_eq` has been deprecated: Use `Set.mem_ofPred_eq` instead

Hint: Replace the deprecated name:
  S̵e̵t̵.̵m̵e̵m̵_̵s̵e̵t̵O̵f̵_̵e̵q̵S̲e̲t̲.̲m̲e̲m̲_̲o̲f̲P̲r̲e̲d̲_̲e̲q̲
⚠ [3973/4055] Replayed LeanCert.Engine.IntervalEvalAffine
warning: LeanCert/Engine/IntervalEvalAffine.lean:42:19: Ambiguous namespace `Affine`: it is interpreted as `_root_.LeanCert.Engine.Affine` because this `open` occurs inside `namespace LeanCert.Engine`, while `_root_.Affine` is silently not opened. Specify the namespace unambiguously, e.g. `_root_.LeanCert.Engine.Affine`. The warning can sometimes also be addressed by moving the `open` outside of the surrounding `namespace`.

Note: This linter can be disabled with `set_option linter.ambiguousOpen false`
⚠ [3974/4055] Replayed LeanCert.Engine.Affine.Environment
warning: LeanCert/Engine/Affine/Environment.lean:152:14: `dif_pos` has been deprecated: Use `dite_eq_left` instead

Hint: Replace the deprecated name:
  d̵i̵f̵_̵p̵o̵s̵d̲i̲t̲e̲_̲e̲q̲_̲l̲e̲f̲t̲
warning: LeanCert/Engine/Affine/Environment.lean:163:14: `dif_neg` has been deprecated: Use `dite_eq_right` instead

Hint: Replace the deprecated name:
  d̵i̵f̵_̵n̵e̵g̵d̲i̲t̲e̲_̲e̲q̲_̲r̲i̲g̲h̲t̲
warning: LeanCert/Engine/Affine/Environment.lean:163:28: `dif_pos` has been deprecated: Use `dite_eq_left` instead

Hint: Replace the deprecated name:
  d̵i̵f̵_̵p̵o̵s̵d̲i̲t̲e̲_̲e̲q̲_̲l̲e̲f̲t̲
⚠ [3976/4055] Replayed LeanCert.Engine.Optimization.Gradient
warning: LeanCert/Engine/Optimization/Gradient.lean:87:25: `if_neg` has been deprecated: Use `ite_eq_right` instead

Hint: Replace the deprecated name:
  i̵f̵_̵n̵e̵g̵i̲t̲e̲_̲e̲q̲_̲r̲i̲g̲h̲t̲
warning: LeanCert/Engine/Optimization/Gradient.lean:320:17: `if_neg` has been deprecated: Use `ite_eq_right` instead

Hint: Replace the deprecated name:
  i̵f̵_̵n̵e̵g̵i̲t̲e̲_̲e̲q̲_̲r̲i̲g̲h̲t̲
warning: LeanCert/Engine/Optimization/Gradient.lean:330:15: `if_neg` has been deprecated: Use `ite_eq_right` instead

Hint: Replace the deprecated name:
  i̵f̵_̵n̵e̵g̵i̲t̲e̲_̲e̲q̲_̲r̲i̲g̲h̲t̲
warning: LeanCert/Engine/Optimization/Gradient.lean:395:17: `if_neg` has been deprecated: Use `ite_eq_right` instead

Hint: Replace the deprecated name:
  i̵f̵_̵n̵e̵g̵i̲t̲e̲_̲e̲q̲_̲r̲i̲g̲h̲t̲
warning: LeanCert/Engine/Optimization/Gradient.lean:405:15: `if_neg` has been deprecated: Use `ite_eq_right` instead

Hint: Replace the deprecated name:
  i̵f̵_̵n̵e̵g̵i̲t̲e̲_̲e̲q̲_̲r̲i̲g̲h̲t̲
warning: LeanCert/Engine/Optimization/Gradient.lean:720:17: `dif_neg` has been deprecated: Use `dite_eq_right` instead

Hint: Replace the deprecated name:
  d̵i̵f̵_̵n̵e̵g̵d̲i̲t̲e̲_̲e̲q̲_̲r̲i̲g̲h̲t̲
warning: LeanCert/Engine/Optimization/Gradient.lean:731:19: `dif_pos` has been deprecated: Use `dite_eq_left` instead

Hint: Replace the deprecated name:
  d̵i̵f̵_̵p̵o̵s̵d̲i̲t̲e̲_̲e̲q̲_̲l̲e̲f̲t̲
warning: LeanCert/Engine/Optimization/Gradient.lean:731:34: `dif_pos` has been deprecated: Use `dite_eq_left` instead

Hint: Replace the deprecated name:
  d̵i̵f̵_̵p̵o̵s̵d̲i̲t̲e̲_̲e̲q̲_̲l̲e̲f̲t̲
warning: LeanCert/Engine/Optimization/Gradient.lean:734:19: `dif_neg` has been deprecated: Use `dite_eq_right` instead

Hint: Replace the deprecated name:
  d̵i̵f̵_̵n̵e̵g̵d̲i̲t̲e̲_̲e̲q̲_̲r̲i̲g̲h̲t̲
warning: LeanCert/Engine/Optimization/Gradient.lean:734:35: `dif_neg` has been deprecated: Use `dite_eq_right` instead

Hint: Replace the deprecated name:
  d̵i̵f̵_̵n̵e̵g̵d̲i̲t̲e̲_̲e̲q̲_̲r̲i̲g̲h̲t̲
warning: LeanCert/Engine/Optimization/Gradient.lean:743:19: `dif_pos` has been deprecated: Use `dite_eq_left` instead

Hint: Replace the deprecated name:
  d̵i̵f̵_̵p̵o̵s̵d̲i̲t̲e̲_̲e̲q̲_̲l̲e̲f̲t̲
warning: LeanCert/Engine/Optimization/Gradient.lean:743:31: `dif_pos` has been deprecated: Use `dite_eq_left` instead

Hint: Replace the deprecated name:
  d̵i̵f̵_̵p̵o̵s̵d̲i̲t̲e̲_̲e̲q̲_̲l̲e̲f̲t̲
warning: LeanCert/Engine/Optimization/Gradient.lean:754:21: `dif_neg` has been deprecated: Use `dite_eq_right` instead

Hint: Replace the deprecated name:
  d̵i̵f̵_̵n̵e̵g̵d̲i̲t̲e̲_̲e̲q̲_̲r̲i̲g̲h̲t̲
warning: LeanCert/Engine/Optimization/Gradient.lean:754:33: `dif_neg` has been deprecated: Use `dite_eq_right` instead

Hint: Replace the deprecated name:
  d̵i̵f̵_̵n̵e̵g̵d̲i̲t̲e̲_̲e̲q̲_̲r̲i̲g̲h̲t̲
warning: LeanCert/Engine/Optimization/Gradient.lean:778:25: `dif_neg` has been deprecated: Use `dite_eq_right` instead

Hint: Replace the deprecated name:
  d̵i̵f̵_̵n̵e̵g̵d̲i̲t̲e̲_̲e̲q̲_̲r̲i̲g̲h̲t̲
warning: LeanCert/Engine/Optimization/Gradient.lean:778:37: `dif_pos` has been deprecated: Use `dite_eq_left` instead

Hint: Replace the deprecated name:
  d̵i̵f̵_̵p̵o̵s̵d̲i̲t̲e̲_̲e̲q̲_̲l̲e̲f̲t̲
warning: LeanCert/Engine/Optimization/Gradient.lean:778:49: `dif_pos` has been deprecated: Use `dite_eq_left` instead

Hint: Replace the deprecated name:
  d̵i̵f̵_̵p̵o̵s̵d̲i̲t̲e̲_̲e̲q̲_̲l̲e̲f̲t̲
warning: LeanCert/Engine/Optimization/Gradient.lean:792:25: `dif_neg` has been deprecated: Use `dite_eq_right` instead

Hint: Replace the deprecated name:
  d̵i̵f̵_̵n̵e̵g̵d̲i̲t̲e̲_̲e̲q̲_̲r̲i̲g̲h̲t̲
warning: LeanCert/Engine/Optimization/Gradient.lean:792:37: `dif_pos` has been deprecated: Use `dite_eq_left` instead

Hint: Replace the deprecated name:
  d̵i̵f̵_̵p̵o̵s̵d̲i̲t̲e̲_̲e̲q̲_̲l̲e̲f̲t̲
warning: LeanCert/Engine/Optimization/Gradient.lean:797:25: `dif_pos` has been deprecated: Use `dite_eq_left` instead

Hint: Replace the deprecated name:
  d̵i̵f̵_̵p̵o̵s̵d̲i̲t̲e̲_̲e̲q̲_̲l̲e̲f̲t̲
warning: LeanCert/Engine/Optimization/Gradient.lean:804:27: `dif_pos` has been deprecated: Use `dite_eq_left` instead

Hint: Replace the deprecated name:
  d̵i̵f̵_̵p̵o̵s̵d̲i̲t̲e̲_̲e̲q̲_̲l̲e̲f̲t̲
warning: LeanCert/Engine/Optimization/Gradient.lean:817:27: `dif_neg` has been deprecated: Use `dite_eq_right` instead

Hint: Replace the deprecated name:
  d̵i̵f̵_̵n̵e̵g̵d̲i̲t̲e̲_̲e̲q̲_̲r̲i̲g̲h̲t̲
warning: LeanCert/Engine/Optimization/Gradient.lean:817:39: `dif_pos` has been deprecated: Use `dite_eq_left` instead

Hint: Replace the deprecated name:
  d̵i̵f̵_̵p̵o̵s̵d̲i̲t̲e̲_̲e̲q̲_̲l̲e̲f̲t̲
warning: LeanCert/Engine/Optimization/Gradient.lean:824:25: `dif_neg` has been deprecated: Use `dite_eq_right` instead

Hint: Replace the deprecated name:
  d̵i̵f̵_̵n̵e̵g̵d̲i̲t̲e̲_̲e̲q̲_̲r̲i̲g̲h̲t̲
warning: LeanCert/Engine/Optimization/Gradient.lean:826:25: `dif_neg` has been deprecated: Use `dite_eq_right` instead

Hint: Replace the deprecated name:
  d̵i̵f̵_̵n̵e̵g̵d̲i̲t̲e̲_̲e̲q̲_̲r̲i̲g̲h̲t̲
warning: LeanCert/Engine/Optimization/Gradient.lean:881:27: `if_neg` has been deprecated: Use `ite_eq_right` instead

Hint: Replace the deprecated name:
  i̵f̵_̵n̵e̵g̵i̲t̲e̲_̲e̲q̲_̲r̲i̲g̲h̲t̲
warning: LeanCert/Engine/Optimization/Gradient.lean:895:27: `dif_neg` has been deprecated: Use `dite_eq_right` instead

Hint: Replace the deprecated name:
  d̵i̵f̵_̵n̵e̵g̵d̲i̲t̲e̲_̲e̲q̲_̲r̲i̲g̲h̲t̲
warning: LeanCert/Engine/Optimization/Gradient.lean:895:39: `dif_pos` has been deprecated: Use `dite_eq_left` instead

Hint: Replace the deprecated name:
  d̵i̵f̵_̵p̵o̵s̵d̲i̲t̲e̲_̲e̲q̲_̲l̲e̲f̲t̲
warning: LeanCert/Engine/Optimization/Gradient.lean:900:27: `dif_pos` has been deprecated: Use `dite_eq_left` instead

Hint: Replace the deprecated name:
  d̵i̵f̵_̵p̵o̵s̵d̲i̲t̲e̲_̲e̲q̲_̲l̲e̲f̲t̲
warning: LeanCert/Engine/Optimization/Gradient.lean:906:29: `dif_pos` has been deprecated: Use `dite_eq_left` instead

Hint: Replace the deprecated name:
  d̵i̵f̵_̵p̵o̵s̵d̲i̲t̲e̲_̲e̲q̲_̲l̲e̲f̲t̲
warning: LeanCert/Engine/Optimization/Gradient.lean:919:29: `dif_neg` has been deprecated: Use `dite_eq_right` instead

Hint: Replace the deprecated name:
  d̵i̵f̵_̵n̵e̵g̵d̲i̲t̲e̲_̲e̲q̲_̲r̲i̲g̲h̲t̲
warning: LeanCert/Engine/Optimization/Gradient.lean:919:41: `dif_pos` has been deprecated: Use `dite_eq_left` instead

Hint: Replace the deprecated name:
  d̵i̵f̵_̵p̵o̵s̵d̲i̲t̲e̲_̲e̲q̲_̲l̲e̲f̲t̲
warning: LeanCert/Engine/Optimization/Gradient.lean:926:27: `dif_neg` has been deprecated: Use `dite_eq_right` instead

Hint: Replace the deprecated name:
  d̵i̵f̵_̵n̵e̵g̵d̲i̲t̲e̲_̲e̲q̲_̲r̲i̲g̲h̲t̲
warning: LeanCert/Engine/Optimization/Gradient.lean:928:27: `dif_neg` has been deprecated: Use `dite_eq_right` instead

Hint: Replace the deprecated name:
  d̵i̵f̵_̵n̵e̵g̵d̲i̲t̲e̲_̲e̲q̲_̲r̲i̲g̲h̲t̲
warning: LeanCert/Engine/Optimization/Gradient.lean:982:29: `if_neg` has been deprecated: Use `ite_eq_right` instead

Hint: Replace the deprecated name:
  i̵f̵_̵n̵e̵g̵i̲t̲e̲_̲e̲q̲_̲r̲i̲g̲h̲t̲
warning: LeanCert/Engine/Optimization/Gradient.lean:998:29: `dif_neg` has been deprecated: Use `dite_eq_right` instead

Hint: Replace the deprecated name:
  d̵i̵f̵_̵n̵e̵g̵d̲i̲t̲e̲_̲e̲q̲_̲r̲i̲g̲h̲t̲
warning: LeanCert/Engine/Optimization/Gradient.lean:998:41: `dif_pos` has been deprecated: Use `dite_eq_left` instead

Hint: Replace the deprecated name:
  d̵i̵f̵_̵p̵o̵s̵d̲i̲t̲e̲_̲e̲q̲_̲l̲e̲f̲t̲
warning: LeanCert/Engine/Optimization/Gradient.lean:998:53: `dif_pos` has been deprecated: Use `dite_eq_left` instead

Hint: Replace the deprecated name:
  d̵i̵f̵_̵p̵o̵s̵d̲i̲t̲e̲_̲e̲q̲_̲l̲e̲f̲t̲
⚠ [3978/4055] Replayed LeanCert.Engine.RootFinding.Basic
warning: LeanCert/Engine/RootFinding/Basic.lean:247:56: `if_neg` has been deprecated: Use `ite_eq_right` instead

Hint: Replace the deprecated name:
  i̵f̵_̵n̵e̵g̵i̲t̲e̲_̲e̲q̲_̲r̲i̲g̲h̲t̲
warning: LeanCert/Engine/RootFinding/Basic.lean:256:56: `if_neg` has been deprecated: Use `ite_eq_right` instead

Hint: Replace the deprecated name:
  i̵f̵_̵n̵e̵g̵i̲t̲e̲_̲e̲q̲_̲r̲i̲g̲h̲t̲
warning: LeanCert/Engine/RootFinding/Basic.lean:467:56: `if_neg` has been deprecated: Use `ite_eq_right` instead

Hint: Replace the deprecated name:
  i̵f̵_̵n̵e̵g̵i̲t̲e̲_̲e̲q̲_̲r̲i̲g̲h̲t̲
⚠ [3980/4055] Replayed LeanCert.Engine.RootFinding.Newton
warning: LeanCert/Engine/RootFinding/Newton.lean:701:19: `dif_pos` has been deprecated: Use `dite_eq_left` instead

Hint: Replace the deprecated name:
  d̵i̵f̵_̵p̵o̵s̵d̲i̲t̲e̲_̲e̲q̲_̲l̲e̲f̲t̲
warning: LeanCert/Engine/RootFinding/Newton.lean:703:19: `dif_neg` has been deprecated: Use `dite_eq_right` instead

Hint: Replace the deprecated name:
  d̵i̵f̵_̵n̵e̵g̵d̲i̲t̲e̲_̲e̲q̲_̲r̲i̲g̲h̲t̲
⚠ [3985/4055] Replayed LeanCert.Engine.RootFinding.Krawczyk
warning: LeanCert/Engine/RootFinding/Krawczyk.lean:223:24: `Set.mem_setOf_eq` has been deprecated: Use `Set.mem_ofPred_eq` instead

Hint: Replace the deprecated name:
  S̵e̵t̵.̵m̵e̵m̵_̵s̵e̵t̵O̵f̵_̵e̵q̵S̲e̲t̲.̲m̲e̲m̲_̲o̲f̲P̲r̲e̲d̲_̲e̲q̲
⚠ [3994/4055] Replayed LeanCert.Validity.Bounds
warning: LeanCert/Validity/Bounds.lean:491:26: `dif_pos` has been deprecated: Use `dite_eq_left` instead

Hint: Replace the deprecated name:
  d̵i̵f̵_̵p̵o̵s̵d̲i̲t̲e̲_̲e̲q̲_̲l̲e̲f̲t̲
⚠ [4000/4055] Replayed AppendixNumerics
warning: AppendixNumerics.lean:33:18: `Set.mem_setOf` has been deprecated: Use `Set.mem_ofPred` instead
warning: AppendixNumerics.lean:33:18: `Set.mem_setOf` has been deprecated: Use `Set.mem_ofPred` instead
info: AppendixNumerics.lean:46:0: 'Zeta5AppendixNumerics.energy_bounds' depends on axioms: [propext, Classical.choice, Quot.sound]
info: AppendixNumerics.lean:47:0: 'Zeta5AppendixNumerics.final_coefficient' depends on axioms: [propext, Classical.choice, Quot.sound]
⚠ [4001/4055] Replayed RealDeterminantEnergyBridge
warning: RealDeterminantEnergyBridge.lean:30:21: Used `tac1 <;> tac2` where `(tac1; tac2)` would suffice

Note: This linter can be disabled with `set_option linter.unnecessarySeqFocus false`
ℹ [4034/4055] Replayed RealEnergy
info: RealEnergy.lean:503:0: 'Zeta5RealEnergy.total_mass' depends on axioms: [propext, Classical.choice, Quot.sound]
info: RealEnergy.lean:504:0: 'Zeta5RealEnergy.component_properties' depends on axioms: [propext, Classical.choice, Quot.sound]
info: RealEnergy.lean:505:0: 'Zeta5RealEnergy.intervals_nested' depends on axioms: [propext, Classical.choice, Quot.sound]
info: RealEnergy.lean:506:0: 'Zeta5RealEnergy.tail_field_bound' depends on axioms: [propext, Classical.choice, Quot.sound]
info: RealEnergy.lean:507:0: 'Zeta5RealEnergy.gaussian_convolution' depends on axioms: [propext, Classical.choice, Quot.sound]
info: RealEnergy.lean:508:0: 'Zeta5RealEnergy.gaussian_energy_nonneg' depends on axioms: [propext, Classical.choice, Quot.sound]
info: RealEnergy.lean:509:0: 'Zeta5RealEnergy.frullani' depends on axioms: [propext, Classical.choice, Quot.sound]
info: RealEnergy.lean:510:0: 'Zeta5RealEnergy.frullani_abs' depends on axioms: [propext, Classical.choice, Quot.sound]
info: RealEnergy.lean:511:0: 'Zeta5RealEnergy.zero_mass_log_energy_nonpos' depends on axioms: [propext, Classical.choice, Quot.sound]
info: RealEnergy.lean:512:0: 'Zeta5RealEnergy.positive_distance_ae' depends on axioms: [propext, Classical.choice, Quot.sound]
info: RealEnergy.lean:513:0: 'Zeta5RealEnergy.zero_mass_log_distance_energy_nonpos' depends on axioms: [propext, Classical.choice, Quot.sound]
⚠ [4036/4055] Replayed EnergyComparison
warning: EnergyComparison.lean:110:29: This simp argument is unused:
  Pi.add_apply

Hint: Omit it from the simp argument list.
  [apply] simp only [Pi.sub_apply] at he1 he2 he3

Note: This linter can be disabled with `set_option linter.unusedSimpArgs false`
info: EnergyComparison.lean:120:0: 'Zeta5RealEnergy.measure_energy_comparison' depends on axioms: [propext, Classical.choice, Quot.sound]
warning: EnergyComparison.lean:128:2: Unused tactic linter: `congr 2` does nothing

Note: This linter can be disabled with `set_option linter.unusedTactic false`
warning: EnergyComparison.lean:173:2: Try this: 
  letI̵

The goal is a proposition, so `let` is preferred over `letI`.
The difference between `let` and `letI` is that `letI` inlines the value.
But this is not relevant for proofs because of proof irrelevance.

Note: This linter can be disabled with `set_option linter.style.haveILetI false`
warning: EnergyComparison.lean:174:2: Try this: 
  letI̵

The goal is a proposition, so `let` is preferred over `letI`.
The difference between `let` and `letI` is that `letI` inlines the value.
But this is not relevant for proofs because of proof irrelevance.

Note: This linter can be disabled with `set_option linter.style.haveILetI false`
warning: EnergyComparison.lean:175:2: Try this: 
  letI̵

The goal is a proposition, so `let` is preferred over `letI`.
The difference between `let` and `letI` is that `letI` inlines the value.
But this is not relevant for proofs because of proof irrelevance.

Note: This linter can be disabled with `set_option linter.style.haveILetI false`
info: EnergyComparison.lean:188:0: 'Zeta5RealEnergy.complex_measure_energy_comparison' depends on axioms: [propext, Classical.choice, Quot.sound]
ℹ [4039/4055] Replayed AppendixNumericSpecial
info: AppendixNumericSpecial.lean:428:0: 'Zeta5AppendixNumerics.qminus_derivative_negative' depends on axioms: [propext, Classical.choice, Quot.sound]
info: AppendixNumericSpecial.lean:429:0: 'Zeta5AppendixNumerics.qplus_derivative_positive' depends on axioms: [propext, Classical.choice, Quot.sound]
info: AppendixNumericSpecial.lean:430:0: 'Zeta5AppendixNumerics.vstar_parenthesis_negative' depends on axioms: [propext, Classical.choice, Quot.sound]
info: AppendixNumericSpecial.lean:431:0: 'Zeta5AppendixNumerics.vstar_lower' depends on axioms: [propext, Classical.choice, Quot.sound]
⚠ [4045/4172] Replayed CirclePotential
warning: CirclePotential.lean:164:37: Used `tac1 <;> tac2` where `(tac1; tac2)` would suffice

Note: This linter can be disabled with `set_option linter.unnecessarySeqFocus false`
warning: CirclePotential.lean:290:33: Used `tac1 <;> tac2` where `(tac1; tac2)` would suffice

Note: This linter can be disabled with `set_option linter.unnecessarySeqFocus false`
warning: CirclePotential.lean:402:10: This simp argument is unused:
  Real.log_div

Hint: Omit it from the simp argument list.
  [apply] simp

Note: This linter can be disabled with `set_option linter.unusedSimpArgs false`
info: CirclePotential.lean:617:0: 'Zeta5CirclePotential.continuous_arcsine_potential' depends on axioms: [propext, Classical.choice, Quot.sound]
info: CirclePotential.lean:618:0: 'Zeta5CirclePotential.arcsine_argument_ae_nonzero' depends on axioms: [propext, Classical.choice, Quot.sound]
info: CirclePotential.lean:619:0: 'Zeta5CirclePotential.truncated_arcsine_potential_tendsto' depends on axioms: [propext, Classical.choice, Quot.sound]
info: CirclePotential.lean:620:0: 'Zeta5CirclePotential.truncated_arcsine_potential_uniform_on' depends on axioms: [propext, Classical.choice, Quot.sound]
info: CirclePotential.lean:621:0: 'Zeta5CirclePotential.eventually_truncated_arcsine_le' depends on axioms: [propext, Classical.choice, Quot.sound]
⚠ [4046/4172] Replayed CircleMeasures
warning: CircleMeasures.lean:114:31: `Set.setOf_eq_eq_singleton` has been deprecated: Use `Set.ofPred_eq_eq_singleton` instead

Hint: Replace the deprecated name:
  s̵e̵t̵O̵f̵_̵e̵q̵_̵e̵q̵_̵s̵i̵n̵g̵l̵e̵t̵o̵n̵o̲f̲P̲r̲e̲d̲_̲e̲q̲_̲e̲q̲_̲s̲i̲n̲g̲l̲e̲t̲o̲n̲
warning: CircleMeasures.lean:130:31: `Set.setOf_eq_eq_singleton` has been deprecated: Use `Set.ofPred_eq_eq_singleton` instead

Hint: Replace the deprecated name:
  s̵e̵t̵O̵f̵_̵e̵q̵_̵e̵q̵_̵s̵i̵n̵g̵l̵e̵t̵o̵n̵o̲f̲P̲r̲e̲d̲_̲e̲q̲_̲e̲q̲_̲s̲i̲n̲g̲l̲e̲t̲o̲n̲
info: CircleMeasures.lean:309:0: 'Zeta5CircleMeasures.circle_arcsine_cross_energy' depends on axioms: [propext, Classical.choice, Quot.sound]
info: CircleMeasures.lean:310:0: 'Zeta5CircleMeasures.circle_measure_self_energy' depends on axioms: [propext, Classical.choice, Quot.sound]
info: CircleMeasures.lean:311:0: 'Zeta5CircleMeasures.circle_measure_mutual_energy' depends on axioms: [propext, Classical.choice, Quot.sound]
info: CircleMeasures.lean:312:0: 'Zeta5CircleMeasures.circle_circle_log_integrable' depends on axioms: [propext, Classical.choice, Quot.sound]
info: CircleMeasures.lean:313:0: 'Zeta5CircleMeasures.arcsine_circle_log_integrable' depends on axioms: [propext, Classical.choice, Quot.sound]
info: CircleMeasures.lean:314:0: 'Zeta5CircleMeasures.circleMeasure_nullSingleton' depends on axioms: [propext, Classical.choice, Quot.sound]
info: CircleMeasures.lean:315:0: 'Zeta5CircleMeasures.arcsineMeasure_nullSingleton' depends on axioms: [propext, Classical.choice, Quot.sound]
info: CircleMeasures.lean:316:0: 'Zeta5CircleMeasures.arcsine_arcsine_log_integrable' depends on axioms: [propext, Classical.choice, Quot.sound]
info: CircleMeasures.lean:317:0: 'Zeta5CircleMeasures.nested_arcsine_energy' depends on axioms: [propext, Classical.choice, Quot.sound]
⚠ [4047/4172] Replayed EnergyMixtures
warning: EnergyMixtures.lean:16:2: Try this: 
  haveI̵

The goal is a proposition, so `have` is preferred over `haveI`.
The difference between `have` and `haveI` is that `haveI` inlines the value.
But this is not relevant for proofs because of proof irrelevance.

Note: This linter can be disabled with `set_option linter.style.haveILetI false`
warning: EnergyMixtures.lean:27:4: Try this: 
  haveI̵

The goal is a proposition, so `have` is preferred over `haveI`.
The difference between `have` and `haveI` is that `haveI` inlines the value.
But this is not relevant for proofs because of proof irrelevance.

Note: This linter can be disabled with `set_option linter.style.haveILetI false`
⚠ [4048/4172] Replayed ArcsineMixture
warning: ArcsineMixture.lean:12:62: `simp` already closes the goal

Hint: Use `simp` instead of `simpa`:
  [apply] simp [arcsineData]

Note: This linter can be disabled with `set_option linter.unnecessarySimpa false`
info: ArcsineMixture.lean:148:0: 'Zeta5ArcsineMixture.rho_mass' depends on axioms: [propext, Classical.choice, Quot.sound]
info: ArcsineMixture.lean:149:0: 'Zeta5ArcsineMixture.rho_log_integrable' depends on axioms: [propext, Classical.choice, Quot.sound]
info: ArcsineMixture.lean:150:0: 'Zeta5ArcsineMixture.rho_energy' depends on axioms: [propext, Classical.choice, Quot.sound]
info: ArcsineMixture.lean:151:0: 'Zeta5ArcsineMixture.eventually_truncated_potential_le' depends on axioms: [propext, Classical.choice, Quot.sound]
info: ArcsineMixture.lean:152:0: 'Zeta5ArcsineMixture.rho_circle_energy' depends on axioms: [propext, Classical.choice, Quot.sound]
⚠ [4049/4172] Replayed ArcsineNumericBridge
warning: ArcsineNumericBridge.lean:15:8: `if_pos` has been deprecated: Use `ite_eq_left` instead

Hint: Replace the deprecated name:
  i̵f̵_̵p̵o̵s̵i̲t̲e̲_̲e̲q̲_̲l̲e̲f̲t̲
warning: ArcsineNumericBridge.lean:17:8: `if_neg` has been deprecated: Use `ite_eq_right` instead

Hint: Replace the deprecated name:
  i̵f̵_̵n̵e̵g̵i̲t̲e̲_̲e̲q̲_̲r̲i̲g̲h̲t̲
info: ArcsineNumericBridge.lean:45:0: 'Zeta5ArcsineMixture.potential_eq_numerical_potential' depends on axioms: [propext, Classical.choice, Quot.sound]
info: ArcsineNumericBridge.lean:46:0: 'Zeta5ArcsineMixture.rho_energy_eq_energyValue' depends on axioms: [propext, Classical.choice, Quot.sound]
ℹ [4050/4172] Replayed ArcsineMonotonicity
info: ArcsineMonotonicity.lean:125:0: 'Zeta5ArcsineMixture.potential_tail_upper' depends on axioms: [propext, Classical.choice, Quot.sound]
info: ArcsineMonotonicity.lean:126:0: 'Zeta5ArcsineMixture.potential_cell_max' depends on axioms: [propext, Classical.choice, Quot.sound]
⚠ [4051/4172] Replayed ConfigurationEnergy
warning: ConfigurationEnergy.lean:19:41: Variable name `i` is not explicitly referenced.

Hint: The binding can be removed (if unused) or named `_` (if used implicitly). Alternatively, prefix the name with `_` to silence this warning:
  [apply] _i

Note: This linter can be disabled with `set_option linter.unusedVariables false`
warning: ConfigurationEnergy.lean:93:12: `if_neg` has been deprecated: Use `ite_eq_right` instead

Hint: Replace the deprecated name:
  i̵f̵_̵n̵e̵g̵i̲t̲e̲_̲e̲q̲_̲r̲i̲g̲h̲t̲
warning: ConfigurationEnergy.lean:104:2: Try this: 
  haveI̵

The goal is a proposition, so `have` is preferred over `haveI`.
The difference between `have` and `haveI` is that `haveI` inlines the value.
But this is not relevant for proofs because of proof irrelevance.

Note: This linter can be disabled with `set_option linter.style.haveILetI false`
info: ConfigurationEnergy.lean:203:0: 'Zeta5ConfigurationEnergy.doubleLogSum_eq_pair_sum' depends on axioms: [propext, Classical.choice, Quot.sound]
info: ConfigurationEnergy.lean:204:0: 'Zeta5ConfigurationEnergy.configuration_energy_bound_with_tail' depends on axioms: [propext,
 Classical.choice,
 Quot.sound]
info: ConfigurationEnergy.lean:205:0: 'Zeta5ConfigurationEnergy.eventually_configuration_energy_bound_with_tail' depends on axioms: [propext,
 Classical.choice,
 Quot.sound]
info: ConfigurationEnergy.lean:206:0: 'Zeta5ConfigurationEnergy.sigma_rho_comparison' depends on axioms: [propext, Classical.choice, Quot.sound]
info: ConfigurationEnergy.lean:207:0: 'Zeta5ConfigurationEnergy.configuration_energy_bound' depends on axioms: [propext, Classical.choice, Quot.sound]
info: ConfigurationEnergy.lean:208:0: 'Zeta5ConfigurationEnergy.sigma_add_rho_log_integrable' depends on axioms: [propext, Classical.choice, Quot.sound]
info: ConfigurationEnergy.lean:209:0: 'Zeta5ConfigurationEnergy.sigma_rho_energy' depends on axioms: [propext, Classical.choice, Quot.sound]
info: ConfigurationEnergy.lean:210:0: 'Zeta5ConfigurationEnergy.sigma_energy_lower' depends on axioms: [propext, Classical.choice, Quot.sound]
ℹ [4052/4172] Replayed FieldMinimum
info: FieldMinimum.lean:197:0: 'Zeta5AppendixNumerics.lowerField_le_field' depends on axioms: [propext, Classical.choice, Quot.sound]
ℹ [4053/4172] Replayed AppendixPartition
info: AppendixPartition.lean:707:0: 'Zeta5AppendixNumerics.cells_cover' depends on axioms: [propext, Classical.choice, Quot.sound]
ℹ [4272/4336] Replayed AppendixNumericalCertificate
info: AppendixNumericalCertificate.lean:67:0: 'Zeta5AppendixNumerics.all_cell_bounds' depends on axioms: [propext, Classical.choice, Quot.sound]
info: AppendixNumericalCertificate.lean:68:0: 'Zeta5AppendixNumerics.interval_cell_certificate' depends on axioms: [propext, Classical.choice, Quot.sound]
info: AppendixNumericalCertificate.lean:69:0: 'Zeta5AppendixNumerics.energy_bounds' depends on axioms: [propext, Classical.choice, Quot.sound]
info: AppendixNumericalCertificate.lean:70:0: 'Zeta5AppendixNumerics.cstar_bounds' depends on axioms: [propext, Classical.choice, Quot.sound]
info: AppendixNumericalCertificate.lean:71:0: 'Zeta5AppendixNumerics.final_coefficient' depends on axioms: [propext, Classical.choice, Quot.sound]
ℹ [4273/4336] Replayed PotentialFieldCertificate
info: PotentialFieldCertificate.lean:75:0: 'Zeta5ArcsineMixture.compact_potential_field_bound' depends on axioms: [propext, Classical.choice, Quot.sound]
info: PotentialFieldCertificate.lean:76:0: 'Zeta5ArcsineMixture.corrected_potential_field_bound' depends on axioms: [propext, Classical.choice, Quot.sound]
info: PotentialFieldCertificate.lean:77:0: 'Zeta5ArcsineMixture.eventually_discrete_energy_bound' depends on axioms: [propext, Classical.choice, Quot.sound]
ℹ [4274/4336] Replayed RealDeterminantBound
info: RealDeterminantBound.lean:33:0: 'Zeta5Construction.actual_eventually_normalizedDeterminant_log_upper' depends on axioms: [propext,
 Classical.choice,
 Quot.sound]
⚠ [4533/4570] Replayed ScalarFloorSum
warning: ScalarFloorSum.lean:95:4: Used `tac1 <;> tac2` where `(tac1; tac2)` would suffice

Note: This linter can be disabled with `set_option linter.unnecessarySeqFocus false`
info: ScalarFloorSum.lean:111:0: 'Zeta5InnerAsymptotics.floor_sum_error' depends on axioms: [propext, Classical.choice, Quot.sound]
⚠ [4534/4570] Replayed ScalarUniform
warning: ScalarUniform.lean:68:6: `if_neg` has been deprecated: Use `ite_eq_right` instead

Hint: Replace the deprecated name:
  i̵f̵_̵n̵e̵g̵i̲t̲e̲_̲e̲q̲_̲r̲i̲g̲h̲t̲
warning: ScalarUniform.lean:68:24: `if_pos` has been deprecated: Use `ite_eq_left` instead

Hint: Replace the deprecated name:
  i̵f̵_̵p̵o̵s̵i̲t̲e̲_̲e̲q̲_̲l̲e̲f̲t̲
info: ScalarUniform.lean:73:0: 'Zeta5InnerAsymptotics.actual_scalarLimit_error' depends on axioms: [propext, Classical.choice, Quot.sound]
info: ScalarUniform.lean:74:0: 'Zeta5InnerAsymptotics.actual_inner_localExponent_upper' depends on axioms: [propext, Classical.choice, Quot.sound]
⚠ [4535/4570] Replayed OuterPrimeArithmetic
warning: OuterPrimeArithmetic.lean:91:82: This simp argument is unused:
  Int.cast_one

Hint: Omit it from the simp argument list.
  [apply] simp only [Int.cast_sub, Int.cast_add, Int.cast_mul, Int.cast_neg, Int.cast_ofNat, Int.cast_natCast]

Note: This linter can be disabled with `set_option linter.unusedSimpArgs false`
warning: OuterPrimeArithmetic.lean:63:25: Used `tac1 <;> tac2` where `(tac1; tac2)` would suffice

Note: This linter can be disabled with `set_option linter.unnecessarySeqFocus false`
warning: OuterPrimeArithmetic.lean:80:25: Used `tac1 <;> tac2` where `(tac1; tac2)` would suffice

Note: This linter can be disabled with `set_option linter.unnecessarySeqFocus false`
warning: OuterPrimeArithmetic.lean:147:6: `if_neg` has been deprecated: Use `ite_eq_right` instead

Hint: Replace the deprecated name:
  i̵f̵_̵n̵e̵g̵i̲t̲e̲_̲e̲q̲_̲r̲i̲g̲h̲t̲
warning: OuterPrimeArithmetic.lean:147:24: `if_neg` has been deprecated: Use `ite_eq_right` instead

Hint: Replace the deprecated name:
  i̵f̵_̵n̵e̵g̵i̲t̲e̲_̲e̲q̲_̲r̲i̲g̲h̲t̲
info: OuterPrimeArithmetic.lean:157:0: 'Zeta5OuterAsymptotics.actual_coarseOuterExponent_upper' depends on axioms: [propext, Classical.choice, Quot.sound]
⚠ [4536/4570] Replayed OuterPrimeCells
warning: OuterPrimeCells.lean:33:6: `if_neg` has been deprecated: Use `ite_eq_right` instead

Hint: Replace the deprecated name:
  i̵f̵_̵n̵e̵g̵i̲t̲e̲_̲e̲q̲_̲r̲i̲g̲h̲t̲
warning: OuterPrimeCells.lean:34:6: `if_neg` has been deprecated: Use `ite_eq_right` instead

Hint: Replace the deprecated name:
  i̵f̵_̵n̵e̵g̵i̲t̲e̲_̲e̲q̲_̲r̲i̲g̲h̲t̲
warning: OuterPrimeCells.lean:38:2: Used `tac1 <;> tac2` where `(tac1; tac2)` would suffice

Note: This linter can be disabled with `set_option linter.unnecessarySeqFocus false`
warning: OuterPrimeCells.lean:54:6: `if_neg` has been deprecated: Use `ite_eq_right` instead

Hint: Replace the deprecated name:
  i̵f̵_̵n̵e̵g̵i̲t̲e̲_̲e̲q̲_̲r̲i̲g̲h̲t̲
warning: OuterPrimeCells.lean:55:6: `if_neg` has been deprecated: Use `ite_eq_right` instead

Hint: Replace the deprecated name:
  i̵f̵_̵n̵e̵g̵i̲t̲e̲_̲e̲q̲_̲r̲i̲g̲h̲t̲
warning: OuterPrimeCells.lean:59:2: Used `tac1 <;> tac2` where `(tac1; tac2)` would suffice

Note: This linter can be disabled with `set_option linter.unnecessarySeqFocus false`
warning: OuterPrimeCells.lean:75:6: `if_neg` has been deprecated: Use `ite_eq_right` instead

Hint: Replace the deprecated name:
  i̵f̵_̵n̵e̵g̵i̲t̲e̲_̲e̲q̲_̲r̲i̲g̲h̲t̲
warning: OuterPrimeCells.lean:76:6: `if_neg` has been deprecated: Use `ite_eq_right` instead

Hint: Replace the deprecated name:
  i̵f̵_̵n̵e̵g̵i̲t̲e̲_̲e̲q̲_̲r̲i̲g̲h̲t̲
warning: OuterPrimeCells.lean:80:2: Used `tac1 <;> tac2` where `(tac1; tac2)` would suffice

Note: This linter can be disabled with `set_option linter.unnecessarySeqFocus false`
warning: OuterPrimeCells.lean:96:6: `if_neg` has been deprecated: Use `ite_eq_right` instead

Hint: Replace the deprecated name:
  i̵f̵_̵n̵e̵g̵i̲t̲e̲_̲e̲q̲_̲r̲i̲g̲h̲t̲
warning: OuterPrimeCells.lean:97:6: `if_neg` has been deprecated: Use `ite_eq_right` instead

Hint: Replace the deprecated name:
  i̵f̵_̵n̵e̵g̵i̲t̲e̲_̲e̲q̲_̲r̲i̲g̲h̲t̲
warning: OuterPrimeCells.lean:101:2: Used `tac1 <;> tac2` where `(tac1; tac2)` would suffice

Note: This linter can be disabled with `set_option linter.unnecessarySeqFocus false`
warning: OuterPrimeCells.lean:117:6: `if_neg` has been deprecated: Use `ite_eq_right` instead

Hint: Replace the deprecated name:
  i̵f̵_̵n̵e̵g̵i̲t̲e̲_̲e̲q̲_̲r̲i̲g̲h̲t̲
warning: OuterPrimeCells.lean:118:6: `if_neg` has been deprecated: Use `ite_eq_right` instead

Hint: Replace the deprecated name:
  i̵f̵_̵n̵e̵g̵i̲t̲e̲_̲e̲q̲_̲r̲i̲g̲h̲t̲
warning: OuterPrimeCells.lean:122:2: Used `tac1 <;> tac2` where `(tac1; tac2)` would suffice

Note: This linter can be disabled with `set_option linter.unnecessarySeqFocus false`
warning: OuterPrimeCells.lean:138:6: `if_neg` has been deprecated: Use `ite_eq_right` instead

Hint: Replace the deprecated name:
  i̵f̵_̵n̵e̵g̵i̲t̲e̲_̲e̲q̲_̲r̲i̲g̲h̲t̲
warning: OuterPrimeCells.lean:139:6: `if_pos` has been deprecated: Use `ite_eq_left` instead

Hint: Replace the deprecated name:
  i̵f̵_̵p̵o̵s̵i̲t̲e̲_̲e̲q̲_̲l̲e̲f̲t̲
warning: OuterPrimeCells.lean:144:2: Used `tac1 <;> tac2` where `(tac1; tac2)` would suffice

Note: This linter can be disabled with `set_option linter.unnecessarySeqFocus false`
warning: OuterPrimeCells.lean:160:6: `if_neg` has been deprecated: Use `ite_eq_right` instead

Hint: Replace the deprecated name:
  i̵f̵_̵n̵e̵g̵i̲t̲e̲_̲e̲q̲_̲r̲i̲g̲h̲t̲
warning: OuterPrimeCells.lean:161:6: `if_pos` has been deprecated: Use `ite_eq_left` instead

Hint: Replace the deprecated name:
  i̵f̵_̵p̵o̵s̵i̲t̲e̲_̲e̲q̲_̲l̲e̲f̲t̲
warning: OuterPrimeCells.lean:166:2: Used `tac1 <;> tac2` where `(tac1; tac2)` would suffice

Note: This linter can be disabled with `set_option linter.unnecessarySeqFocus false`
warning: OuterPrimeCells.lean:182:6: `if_neg` has been deprecated: Use `ite_eq_right` instead

Hint: Replace the deprecated name:
  i̵f̵_̵n̵e̵g̵i̲t̲e̲_̲e̲q̲_̲r̲i̲g̲h̲t̲
warning: OuterPrimeCells.lean:183:6: `if_pos` has been deprecated: Use `ite_eq_left` instead

Hint: Replace the deprecated name:
  i̵f̵_̵p̵o̵s̵i̲t̲e̲_̲e̲q̲_̲l̲e̲f̲t̲
warning: OuterPrimeCells.lean:188:2: Used `tac1 <;> tac2` where `(tac1; tac2)` would suffice

Note: This linter can be disabled with `set_option linter.unnecessarySeqFocus false`
warning: OuterPrimeCells.lean:204:6: `if_neg` has been deprecated: Use `ite_eq_right` instead

Hint: Replace the deprecated name:
  i̵f̵_̵n̵e̵g̵i̲t̲e̲_̲e̲q̲_̲r̲i̲g̲h̲t̲
warning: OuterPrimeCells.lean:205:6: `if_pos` has been deprecated: Use `ite_eq_left` instead

Hint: Replace the deprecated name:
  i̵f̵_̵p̵o̵s̵i̲t̲e̲_̲e̲q̲_̲l̲e̲f̲t̲
warning: OuterPrimeCells.lean:210:2: Used `tac1 <;> tac2` where `(tac1; tac2)` would suffice

Note: This linter can be disabled with `set_option linter.unnecessarySeqFocus false`
warning: OuterPrimeCells.lean:226:6: `if_neg` has been deprecated: Use `ite_eq_right` instead

Hint: Replace the deprecated name:
  i̵f̵_̵n̵e̵g̵i̲t̲e̲_̲e̲q̲_̲r̲i̲g̲h̲t̲
warning: OuterPrimeCells.lean:227:6: `if_pos` has been deprecated: Use `ite_eq_left` instead

Hint: Replace the deprecated name:
  i̵f̵_̵p̵o̵s̵i̲t̲e̲_̲e̲q̲_̲l̲e̲f̲t̲
warning: OuterPrimeCells.lean:232:2: Used `tac1 <;> tac2` where `(tac1; tac2)` would suffice

Note: This linter can be disabled with `set_option linter.unnecessarySeqFocus false`
warning: OuterPrimeCells.lean:248:6: `if_pos` has been deprecated: Use `ite_eq_left` instead

Hint: Replace the deprecated name:
  i̵f̵_̵p̵o̵s̵i̲t̲e̲_̲e̲q̲_̲l̲e̲f̲t̲
warning: OuterPrimeCells.lean:250:2: Used `tac1 <;> tac2` where `(tac1; tac2)` would suffice

Note: This linter can be disabled with `set_option linter.unnecessarySeqFocus false`
info: OuterPrimeCells.lean:280:0: 'Zeta5OuterAsymptotics.outerKernel_on_cells' depends on axioms: [propext, Classical.choice, Quot.sound]
info: OuterPrimeCells.lean:281:0: 'Zeta5OuterAsymptotics.outerIntegral_exact' depends on axioms: [propext, Classical.choice, Quot.sound]
⚠ [4551/4587] Replayed PrimeNumberTheoremAnd.Wiener
warning: PrimeNumberTheoremAnd/Wiener.lean:190:28: This simp argument is unused:
  Equiv.coe_fn_mk

Hint: Omit it from the simp argument list.
  [apply] simp only [neg_mul, ofReal_exp, ofReal_neg, ofReal_mul, ofReal_sub, ofReal_one, Multiplicative.ofAdd,
    smul_eq_mul]

Note: This linter can be disabled with `set_option linter.unusedSimpArgs false`
warning: PrimeNumberTheoremAnd/Wiener.lean:325:8: declaration uses `sorry`
warning: PrimeNumberTheoremAnd/Wiener.lean:344:8: declaration uses `sorry`
warning: PrimeNumberTheoremAnd/Wiener.lean:676:46: `Finset.sum_nonneg'` has been deprecated: Use `Finset.sum_nonneg` instead

Note: The updated constant has a different type:
  ∀ {ι : Type u_1} {N : Type u_5} [inst : AddCommMonoid N] [inst_1 : Preorder N] {f : ι → N} {s : Finset ι}
    [AddLeftMono N], (∀ i ∈ s, 0 ≤ f i) → 0 ≤ ∑ i ∈ s, f i
instead of
  ∀ {ι : Type u_1} {N : Type u_5} [inst : AddCommMonoid N] [inst_1 : Preorder N] {f : ι → N} {s : Finset ι}
    [AddLeftMono N], (∀ (i : ι), 0 ≤ f i) → 0 ≤ ∑ i ∈ s, f i
warning: PrimeNumberTheoremAnd/Wiener.lean:1354:59: `Finset.sum_nonneg'` has been deprecated: Use `Finset.sum_nonneg` instead

Note: The updated constant has a different type:
  ∀ {ι : Type u_1} {N : Type u_5} [inst : AddCommMonoid N] [inst_1 : Preorder N] {f : ι → N} {s : Finset ι}
    [AddLeftMono N], (∀ i ∈ s, 0 ≤ f i) → 0 ≤ ∑ i ∈ s, f i
instead of
  ∀ {ι : Type u_1} {N : Type u_5} [inst : AddCommMonoid N] [inst_1 : Preorder N] {f : ι → N} {s : Finset ι}
    [AddLeftMono N], (∀ (i : ι), 0 ≤ f i) → 0 ≤ ∑ i ∈ s, f i
warning: PrimeNumberTheoremAnd/Wiener.lean:1357:38: `Finset.sum_nonneg'` has been deprecated: Use `Finset.sum_nonneg` instead

Note: The updated constant has a different type:
  ∀ {ι : Type u_1} {N : Type u_5} [inst : AddCommMonoid N] [inst_1 : Preorder N] {f : ι → N} {s : Finset ι}
    [AddLeftMono N], (∀ i ∈ s, 0 ≤ f i) → 0 ≤ ∑ i ∈ s, f i
instead of
  ∀ {ι : Type u_1} {N : Type u_5} [inst : AddCommMonoid N] [inst_1 : Preorder N] {f : ι → N} {s : Finset ι}
    [AddLeftMono N], (∀ (i : ι), 0 ≤ f i) → 0 ≤ ∑ i ∈ s, f i
warning: PrimeNumberTheoremAnd/Wiener.lean:1521:4: syntax 'Mathlib.Tactic.Peel.peel' has been deprecated: use `gconvert` or `congr!` instead of `peel`

Note: This linter can be disabled with `set_option linter.deprecated.syntax false`
warning: PrimeNumberTheoremAnd/Wiener.lean:2458:52: `Set.mem_setOf_eq` has been deprecated: Use `Set.mem_ofPred_eq` instead

Hint: Replace the deprecated name:
  m̵e̵m̵_̵s̵e̵t̵O̵f̵_̵e̵q̵m̲e̲m̲_̲o̲f̲P̲r̲e̲d̲_̲e̲q̲
warning: PrimeNumberTheoremAnd/Wiener.lean:2582:2: Try this: 
  letI̵

The goal is a proposition, so `let` is preferred over `letI`.
The difference between `let` and `letI` is that `letI` inlines the value.
But this is not relevant for proofs because of proof irrelevance.

Note: This linter can be disabled with `set_option linter.style.haveILetI false`
warning: PrimeNumberTheoremAnd/Wiener.lean:2698:27: `if_false` has been deprecated: Use `ite_false` instead

Hint: Replace the deprecated name:
  i̵f̵_̵f̵a̵l̵s̵e̵i̲t̲e̲_̲f̲a̲l̲s̲e̲
warning: PrimeNumberTheoremAnd/Wiener.lean:3351:4: Try this: 
  haveI̵

The goal is a proposition, so `have` is preferred over `haveI`.
The difference between `have` and `haveI` is that `haveI` inlines the value.
But this is not relevant for proofs because of proof irrelevance.

Note: This linter can be disabled with `set_option linter.style.haveILetI false`
⚠ [4552/4587] Replayed PrimeNumberTheoremAnd.Consequences
warning: PrimeNumberTheoremAnd/Consequences.lean:114:8: `Set.mem_setOf_eq` has been deprecated: Use `Set.mem_ofPred_eq` instead

Hint: Replace the deprecated name:
  S̵e̵t̵.̵m̵e̵m̵_̵s̵e̵t̵O̵f̵_̵e̵q̵S̲e̲t̲.̲m̲e̲m̲_̲o̲f̲P̲r̲e̲d̲_̲e̲q̲
warning: PrimeNumberTheoremAnd/Consequences.lean:200:74: `Set.mem_setOf_eq` has been deprecated: Use `Set.mem_ofPred_eq` instead

Hint: Replace the deprecated name:
  S̵e̵t̵.̵m̵e̵m̵_̵s̵e̵t̵O̵f̵_̵e̵q̵S̲e̲t̲.̲m̲e̲m̲_̲o̲f̲P̲r̲e̲d̲_̲e̲q̲
warning: PrimeNumberTheoremAnd/Consequences.lean:314:73: `Set.mem_setOf_eq` has been deprecated: Use `Set.mem_ofPred_eq` instead

Hint: Replace the deprecated name:
  S̵e̵t̵.̵m̵e̵m̵_̵s̵e̵t̵O̵f̵_̵e̵q̵S̲e̲t̲.̲m̲e̲m̲_̲o̲f̲P̲r̲e̲d̲_̲e̲q̲
warning: PrimeNumberTheoremAnd/Consequences.lean:387:65: `if_pos` has been deprecated: Use `ite_eq_left` instead

Hint: Replace the deprecated name:
  i̵f̵_̵p̵o̵s̵i̲t̲e̲_̲e̲q̲_̲l̲e̲f̲t̲
warning: PrimeNumberTheoremAnd/Consequences.lean:912:27: Unused tactic linter: `rfl` does nothing

Note: This linter can be disabled with `set_option linter.unusedTactic false`
warning: PrimeNumberTheoremAnd/Consequences.lean:912:27: this tactic is never executed

Note: This linter can be disabled with `set_option linter.unreachableTactic false`
warning: PrimeNumberTheoremAnd/Consequences.lean:917:64: `Nat.infinite_setOf_prime` has been deprecated: Use `Nat.infinite_setOfPred_prime` instead

Hint: Replace the deprecated name:
  infinite_setOfP̲r̲e̲d̲_prime
warning: PrimeNumberTheoremAnd/Consequences.lean:920:17: `Nat.infinite_setOf_prime` has been deprecated: Use `Nat.infinite_setOfPred_prime` instead

Hint: Replace the deprecated name:
  infinite_setOfP̲r̲e̲d̲_prime
warning: PrimeNumberTheoremAnd/Consequences.lean:1448:26: `Set.mem_setOf_eq` has been deprecated: Use `Set.mem_ofPred_eq` instead

Hint: Replace the deprecated name:
  S̵e̵t̵.̵m̵e̵m̵_̵s̵e̵t̵O̵f̵_̵e̵q̵S̲e̲t̲.̲m̲e̲m̲_̲o̲f̲P̲r̲e̲d̲_̲e̲q̲
warning: PrimeNumberTheoremAnd/Consequences.lean:2019:108: `Set.mem_setOf_eq` has been deprecated: Use `Set.mem_ofPred_eq` instead

Hint: Replace the deprecated name:
  S̵e̵t̵.̵m̵e̵m̵_̵s̵e̵t̵O̵f̵_̵e̵q̵S̲e̲t̲.̲m̲e̲m̲_̲o̲f̲P̲r̲e̲d̲_̲e̲q̲
warning: PrimeNumberTheoremAnd/Consequences.lean:2363:31: `mul_le_one₀` has been deprecated: No replacement, use constituent lemmas from proof.
warning: PrimeNumberTheoremAnd/Consequences.lean:2527:15: `Nat.infinite_setOf_prime_and_eq_mod` has been deprecated: Use `Nat.infinite_setOfPred_prime_and_eq_mod` instead

Hint: Replace the deprecated name:
  infinite_setOfP̲r̲e̲d̲_prime_and_eq_mod
⚠ [4553/4587] Replayed PrimeSums
warning: PrimeSums.lean:74:23: Used `tac1 <;> tac2` where `(tac1; tac2)` would suffice

Note: This linter can be disabled with `set_option linter.unnecessarySeqFocus false`
warning: PrimeSums.lean:117:37: Used `tac1 <;> tac2` where `(tac1; tac2)` would suffice

Note: This linter can be disabled with `set_option linter.unnecessarySeqFocus false`
info: PrimeSums.lean:129:26: Try this:
  [apply] ring_nf
  
  The `ring` tactic failed to close the goal. Use `ring_nf` to obtain a normal form.
    
  Note that `ring` works primarily in *commutative* rings. If you have a noncommutative ring, abelian group or module, consider using `noncomm_ring`, `abel` or `module` instead.
warning: PrimeSums.lean:129:22: Used `tac1 <;> tac2` where `(tac1; tac2)` would suffice

Note: This linter can be disabled with `set_option linter.unnecessarySeqFocus false`
info: PrimeSums.lean:149:26: Try this:
  [apply] ring_nf
  
  The `ring` tactic failed to close the goal. Use `ring_nf` to obtain a normal form.
    
  Note that `ring` works primarily in *commutative* rings. If you have a noncommutative ring, abelian group or module, consider using `noncomm_ring`, `abel` or `module` instead.
warning: PrimeSums.lean:149:22: Used `tac1 <;> tac2` where `(tac1; tac2)` would suffice

Note: This linter can be disabled with `set_option linter.unnecessarySeqFocus false`
info: PrimeSums.lean:329:0: 'Zeta5PrimeSums.weighted_prime_sum_asymptotic' depends on axioms: [propext, Classical.choice, Quot.sound]
info: PrimeSums.lean:330:0: 'Zeta5PrimeSums.affine_prime_sum_asymptotic' depends on axioms: [propext, Classical.choice, Quot.sound]
info: PrimeSums.lean:331:0: 'Zeta5PrimeSums.finite_affine_prime_sum_asymptotic' depends on axioms: [propext, Classical.choice, Quot.sound]
info: PrimeSums.lean:332:0: 'Zeta5PrimeSums.bounded_prime_errors_tendsto' depends on axioms: [propext, Classical.choice, Quot.sound]
ℹ [4555/4587] Replayed OuterPrimeLimit
info: OuterPrimeLimit.lean:63:0: 'Zeta5OuterAsymptotics.outerPrimeModel_tendsto' depends on axioms: [propext, Classical.choice, Quot.sound]
⚠ [4556/4587] Replayed OuterPrimeBound
warning: OuterPrimeBound.lean:15:2: Try this: 
  letI̵

The goal is a proposition, so `let` is preferred over `letI`.
The difference between `let` and `letI` is that `letI` inlines the value.
But this is not relevant for proofs because of proof irrelevance.

Note: This linter can be disabled with `set_option linter.style.haveILetI false`
info: OuterPrimeBound.lean:82:0: 'Zeta5OuterAsymptotics.outerLocalSum_le_model' depends on axioms: [propext, Classical.choice, Quot.sound]
ℹ [4557/4587] Replayed OuterPrimeUpperLimit
info: OuterPrimeUpperLimit.lean:48:0: 'Zeta5OuterAsymptotics.outerLocalSum_eventually_upper' depends on axioms: [propext, Classical.choice, Quot.sound]
⚠ [4558/4587] Replayed SmallPrimeAsymptotics
warning: SmallPrimeAsymptotics.lean:63:22: `if_pos` has been deprecated: Use `ite_eq_left` instead

Hint: Replace the deprecated name:
  i̵f̵_̵p̵o̵s̵i̲t̲e̲_̲e̲q̲_̲l̲e̲f̲t̲
warning: SmallPrimeAsymptotics.lean:134:6: this tactic is never executed

Note: This linter can be disabled with `set_option linter.unreachableTactic false`
warning: SmallPrimeAsymptotics.lean:134:6: Unused tactic linter: `ring` does nothing

Note: This linter can be disabled with `set_option linter.unusedTactic false`
info: SmallPrimeAsymptotics.lean:147:0: 'Zeta5SmallPrimeAsymptotics.smallLocalSum_eventually_upper' depends on axioms: [propext, Classical.choice, Quot.sound]
ℹ [4566/4587] Replayed InnerPrimeCells
info: InnerPrimeCells.lean:186:0: 'Zeta5InnerAsymptotics.innerKernel_on_cells' depends on axioms: [propext, Classical.choice, Quot.sound]
info: InnerPrimeCells.lean:187:0: 'Zeta5InnerAsymptotics.innerIntegral_exact' depends on axioms: [propext, Classical.choice, Quot.sound]
ℹ [4568/4587] Replayed InnerPrimeLimit
info: InnerPrimeLimit.lean:73:0: 'Zeta5InnerAsymptotics.innerPrimeModel_tendsto' depends on axioms: [propext, Classical.choice, Quot.sound]
⚠ [4569/4587] Replayed InnerPrimeBound
warning: InnerPrimeBound.lean:19:2: Try this: 
  letI̵

The goal is a proposition, so `let` is preferred over `letI`.
The difference between `let` and `letI` is that `letI` inlines the value.
But this is not relevant for proofs because of proof irrelevance.

Note: This linter can be disabled with `set_option linter.style.haveILetI false`
info: InnerPrimeBound.lean:128:0: 'Zeta5InnerAsymptotics.innerCorrectedLocalSum_eventually_upper' depends on axioms: [propext,
 Classical.choice,
 Quot.sound]
ℹ [4570/4587] Replayed NormalizationRanges
info: NormalizationRanges.lean:75:0: 'Zeta5Parameters.log_normalizer_le_ranges' depends on axioms: [propext, Classical.choice, Quot.sound]
info: NormalizationRanges.lean:76:0: 'Zeta5Parameters.normalizer_allocation_tendsto' depends on axioms: [propext, Classical.choice, Quot.sound]
ℹ [4571/4587] Replayed InnerRealKernel
info: InnerRealKernel.lean:263:0: 'Zeta5RealKernel.kernel_decomposition' depends on axioms: [propext, Classical.choice, Quot.sound]
info: InnerRealKernel.lean:264:0: 'Zeta5RealKernel.kernel_rat_cast' depends on axioms: [propext, Classical.choice, Quot.sound]
info: InnerRealKernel.lean:265:0: 'Zeta5RealKernel.kernel_div_cube_integrableOn' depends on axioms: [propext, Classical.choice, Quot.sound]
ℹ [4573/4587] Replayed PrimeFloor
info: PrimeFloor.lean:109:0: 'Zeta5PrimeSums.floor_prime_sum_tendsto' depends on axioms: [propext, Classical.choice, Quot.sound]
⚠ [4574/4587] Replayed PrimeHarmonic
warning: PrimeHarmonic.lean:67:15: This simp argument is unused:
  neg_mul

Hint: Omit it from the simp argument list.
  [apply] simp only [mul_neg, div_eq_mul_inv, mul_comm]

Note: This linter can be disabled with `set_option linter.unusedSimpArgs false`
info: PrimeHarmonic.lean:93:0: 'Zeta5PrimeSums.prime_harmonic_sum_tendsto' depends on axioms: [propext, Classical.choice, Quot.sound]
⚠ [4575/4587] Replayed FloorIntegral
warning: FloorIntegral.lean:33:29: `Set.mem_setOf_eq` has been deprecated: Use `Set.mem_ofPred_eq` instead

Hint: Replace the deprecated name:
  S̵e̵t̵.̵m̵e̵m̵_̵s̵e̵t̵O̵f̵_̵e̵q̵m̲e̲m̲_̲o̲f̲P̲r̲e̲d̲_̲e̲q̲
warning: FloorIntegral.lean:109:10: `intervalIntegral.integral_finset_sum` has been deprecated: Use `intervalIntegral.integral_finsetSum` instead

Hint: Replace the deprecated name:
  intervalIntegral.integral_finset_̵s̵S̲um
info: FloorIntegral.lean:130:0: 'Zeta5RealKernel.floor_div_square_integral' depends on axioms: [propext, Classical.choice, Quot.sound]
⚠ [4576/4587] Replayed NormalizationTail
warning: NormalizationTail.lean:22:43: Variable name `hu1` is not explicitly referenced.

Hint: The binding can be removed (if unused) or named `_` (if used implicitly). Alternatively, prefix the name with `_` to silence this warning:
  [apply] _hu1

Note: This linter can be disabled with `set_option linter.unusedVariables false`
warning: NormalizationTail.lean:138:8: Unused tactic linter: `ring` does nothing

Note: This linter can be disabled with `set_option linter.unusedTactic false`
warning: NormalizationTail.lean:138:8: this tactic is never executed

Note: This linter can be disabled with `set_option linter.unreachableTactic false`
warning: NormalizationTail.lean:177:90: Used `tac1 <;> tac2` where `(tac1; tac2)` would suffice

Note: This linter can be disabled with `set_option linter.unnecessarySeqFocus false`
info: NormalizationTail.lean:196:0: 'Zeta5NormalizationTail.C_bound' depends on axioms: [propext, Classical.choice, Quot.sound]
info: NormalizationTail.lean:197:0: 'Zeta5NormalizationTail.C_deriv_right' depends on axioms: [propext, Classical.choice, Quot.sound]
info: NormalizationTail.lean:198:0: 'Zeta5NormalizationTail.tail_integral_bound' depends on axioms: [propext, Classical.choice, Quot.sound]
info: NormalizationTail.lean:199:0: 'Zeta5NormalizationTail.tail_integral_bound_100000' depends on axioms: [propext, Classical.choice, Quot.sound]
info: NormalizationTail.lean:200:0: 'Zeta5NormalizationTail.adjusted_margin' depends on axioms: [propext, Classical.choice, Quot.sound]
ℹ [4577/4587] Replayed InnerTailBound
info: InnerTailBound.lean:54:0: 'Zeta5RealKernel.kernel_tail_upper' depends on axioms: [propext, Classical.choice, Quot.sound]
⚠ [4578/4587] Replayed PrimeKernelMajorant
warning: PrimeKernelMajorant.lean:107:106: This simp argument is unused:
  id_eq

Hint: Omit it from the simp argument list.
  [apply] simp only [kernelPrimeSum_add, kernelPrimeSum_sub, kernelPrimeSum_const_mul, kernelPrimeSum_linear, one_mul]

Note: This linter can be disabled with `set_option linter.unusedSimpArgs false`
info: PrimeKernelMajorant.lean:159:0: 'Zeta5PrimeSums.tailMajorant_prime_sum_tendsto' depends on axioms: [propext, Classical.choice, Quot.sound]
⚠ [4579/4587] Replayed TailPrimeBound
warning: TailPrimeBound.lean:22:2: Try this: 
  letI̵

The goal is a proposition, so `let` is preferred over `letI`.
The difference between `let` and `letI` is that `letI` inlines the value.
But this is not relevant for proofs because of proof irrelevance.

Note: This linter can be disabled with `set_option linter.style.haveILetI false`
info: TailPrimeBound.lean:109:0: 'Zeta5InnerAsymptotics.tail_prime_bound' depends on axioms: [propext, Classical.choice, Quot.sound]
info: TailPrimeBound.lean:110:0: 'Zeta5InnerAsymptotics.tailCorrectedLocalSum_eventually_upper' depends on axioms: [propext,
 Classical.choice,
 Quot.sound]
ℹ [4580/4587] Replayed AllocationPrimeBound
info: AllocationPrimeBound.lean:34:0: 'Zeta5Parameters.prime_allocation_loss_tendsto' depends on axioms: [propext, Classical.choice, Quot.sound]
info: AllocationPrimeBound.lean:35:0: 'Zeta5Parameters.prime_allocation_interval_eventually_upper' depends on axioms: [propext, Classical.choice, Quot.sound]
ℹ [4581/4587] Replayed NormalizerConstants
info: NormalizerConstants.lean:20:0: 'Zeta5NormalizationTail.normalizationCoefficient_eq_prime_contributions' depends on axioms: [propext,
 Classical.choice,
 Quot.sound]
info: NormalizerConstants.lean:21:0: 'Zeta5NormalizationTail.normalizationCoefficient_decay_margin' depends on axioms: [propext,
 Classical.choice,
 Quot.sound]
ℹ [4583/4587] Replayed Zeta5Reduction
info: Zeta5Reduction.lean:172:0: 'Zeta5Reduction.irrational_of_small_polynomial_family' depends on axioms: [propext, Classical.choice, Quot.sound]
info: Zeta5Reduction.lean:173:0: 'Zeta5Reduction.irrational_zeta5_of_paper_estimates' depends on axioms: [propext, Classical.choice, Quot.sound]
info: Zeta5Reduction.lean:174:0: 'Zeta5Reduction.zeta5_eq_series' depends on axioms: [propext, Classical.choice, Quot.sound]
info: Zeta5Reduction.lean:175:0: 'Zeta5Reduction.cutoff_200_decay' depends on axioms: [propext, Classical.choice, Quot.sound]
info: Zeta5Reduction.lean:176:0: 'Zeta5Reduction.cutoff_100000_decay' depends on axioms: [propext, Classical.choice, Quot.sound]
⚠ [4584/4587] Replayed FinalAssembly
warning: FinalAssembly.lean:46:8: `dif_pos` has been deprecated: Use `dite_eq_left` instead

Hint: Replace the deprecated name:
  d̵i̵f̵_̵p̵o̵s̵d̲i̲t̲e̲_̲e̲q̲_̲l̲e̲f̲t̲
info: FinalAssembly.lean:83:0: 'Zeta5FinalAssembly.paperPolynomial_log_decay_of_bounds' depends on axioms: [propext, Classical.choice, Quot.sound]
info: FinalAssembly.lean:84:0: 'Zeta5FinalAssembly.irrational_of_paperPolynomial_integer_log_decay' depends on axioms: [propext,
 Classical.choice,
 Quot.sound]
ℹ [4585/4587] Replayed NormalizerBound
info: NormalizerBound.lean:38:0: 'Zeta5Parameters.eventually_log_normalizer_upper' depends on axioms: [propext, Classical.choice, Quot.sound]
ℹ [4586/4587] Replayed Main
info: Main.lean:37:0: 'Zeta5.irrational_zeta_five' depends on axioms: [propext, Classical.choice, Quot.sound]
info: Main.lean:38:0: 'Zeta5.irrational_reciprocal_fifth_power_sum' depends on axioms: [propext, Classical.choice, Quot.sound]
ℹ [4587/4587] Replayed Solution
info: Solution.lean:13:0: 'Zeta5Palomar.irrational_zeta_five' depends on axioms: [propext, Classical.choice, Quot.sound]
info: Solution.lean:14:0: 'Zeta5Palomar.irrational_reciprocal_fifth_power_sum' depends on axioms: [propext, Classical.choice, Quot.sound]
Build completed successfully (4587 jobs).
Exporting #[Quot, Quot.mk, Quot.lift, Quot.ind, Zeta5Palomar.irrational_zeta_five, Zeta5Palomar.irrational_reciprocal_fifth_power_sum, propext, Quot.sound, Classical.choice, Nat.add, Nat.sub, Nat.mul, Nat.pow, Nat.gcd, Nat.div, Nat.mod, Nat.beq, Nat.ble, Nat.land, Nat.lor, Nat.xor, Nat.shiftLeft, Nat.shiftRight, String.ofList, Char.ofNat, List, eagerReduce, Nat, String, String.mk, Char, optParam, autoParam, semiOutParam, outParam] from Solution
Running con-ron kernel on solution
con-ron: 1 inductive blocks modelled in-process: Lean.Syntax (30 generated records, checked by the fold as declarations and not counted as records of the file)
con-ron: accepted 91762 declarations (--verified)
con-ron kernel accepts the solution
Running nanoda kernel on solution
nanoda kernel accepts the solution
Running Lean default kernel on solution
Lean default kernel accepts the solution
Your solution is okay!
